date,DTB3,DGS10,BAMLC0A1CAAAEY,BAMLC0A4CBBBEY,DTWEXB
1954-01-01,1.18,,,,
1954-02-01,0.97,,,,
1954-03-01,1.03,,,,
1954-04-01,0.97,,,,
1954-05-01,0.76,,,,
1954-06-01,0.64,,,,
1954-07-01,0.72,,,,
1954-08-01,0.92,,,,
1954-09-01,1.01,,,,
1954-10-01,0.98,,,,
1954-11-01,0.93,,,,
1954-12-01,1.15,,,,
1955-01-01,1.22,,,,
1955-02-01,1.17,,,,
1955-03-01,1.28,,,,
1955-04-01,1.59,,,,
1955-05-01,1.45,,,,
1955-06-01,1.41,,,,
1955-07-01,1.60,,,,
1955-08-01,1.90,,,,
1955-09-01,2.07,,,,
1955-10-01,2.23,,,,
1955-11-01,2.24,,,,
1955-12-01,2.54,,,,
1956-01-01,2.41,,,,
1956-02-01,2.32,,,,
1956-03-01,2.25,,,,
1956-04-01,2.60,,,,
1956-05-01,2.61,,,,
1956-06-01,2.49,,,,
1956-07-01,2.31,,,,
1956-08-01,2.60,,,,
1956-09-01,2.84,,,,
1956-10-01,2.90,,,,
1956-11-01,2.99,,,,
1956-12-01,3.21,,,,
1957-01-01,3.11,,,,
1957-02-01,3.10,,,,
1957-03-01,3.08,,,,
1957-04-01,3.07,,,,
1957-05-01,3.06,,,,
1957-06-01,3.29,,,,
1957-07-01,3.16,,,,
1957-08-01,3.37,,,,
1957-09-01,3.53,,,,
1957-10-01,3.58,,,,
1957-11-01,3.31,,,,
1957-12-01,3.04,,,,
1958-01-01,2.44,,,,
1958-02-01,1.53,,,,
1958-03-01,1.30,,,,
1958-04-01,1.13,,,,
1958-05-01,0.91,,,,
1958-06-01,0.83,,,,
1958-07-01,0.91,,,,
1958-08-01,1.69,,,,
1958-09-01,2.44,,,,
1958-10-01,2.63,,,,
1958-11-01,2.67,,,,
1958-12-01,2.77,,,,
1959-01-01,2.82,,,,
1959-02-01,2.70,,,,
1959-03-01,2.80,,,,
1959-04-01,2.95,,,,
1959-05-01,2.84,,,,
1959-06-01,3.21,,,,
1959-07-01,3.20,,,,
1959-08-01,3.38,,,,
1959-09-01,4.04,,,,
1959-10-01,4.05,,,,
1959-11-01,4.15,,,,
1959-12-01,4.49,,,,
1960-01-01,4.35,,,,
1960-02-01,3.96,,,,
1960-03-01,3.31,,,,
1960-04-01,3.23,,,,
1960-05-01,3.29,,,,
1960-06-01,2.46,,,,
1960-07-01,2.30,,,,
1960-08-01,2.30,,,,
1960-09-01,2.48,,,,
1960-10-01,2.30,,,,
1960-11-01,2.37,,,,
1960-12-01,2.25,,,,
1961-01-01,2.24,,,,
1961-02-01,2.42,,,,
1961-03-01,2.39,,,,
1961-04-01,2.29,,,,
1961-05-01,2.29,,,,
1961-06-01,2.33,,,,
1961-07-01,2.24,,,,
1961-08-01,2.39,,,,
1961-09-01,2.28,,,,
1961-10-01,2.30,,,,
1961-11-01,2.48,,,,
1961-12-01,2.60,,,,
1962-01-01,2.72,4.08,,,
1962-02-01,2.73,4.04,,,
1962-03-01,2.72,3.93,,,
1962-04-01,2.73,3.84,,,
1962-05-01,2.69,3.87,,,
1962-06-01,2.73,3.91,,,
1962-07-01,2.92,4.01,,,
1962-08-01,2.82,3.98,,,
1962-09-01,2.78,3.98,,,
1962-10-01,2.74,3.93,,,
1962-11-01,2.83,3.92,,,
1962-12-01,2.87,3.86,,,
1963-01-01,2.91,3.83,,,
1963-02-01,2.92,3.92,,,
1963-03-01,2.89,3.93,,,
1963-04-01,2.90,3.97,,,
1963-05-01,2.93,3.93,,,
1963-06-01,2.99,3.99,,,
1963-07-01,3.18,4.02,,,
1963-08-01,3.32,4.00,,,
1963-09-01,3.38,4.08,,,
1963-10-01,3.45,4.11,,,
1963-11-01,3.52,4.12,,,
1963-12-01,3.52,4.13,,,
1964-01-01,3.52,4.17,,,
1964-02-01,3.53,4.15,,,
1964-03-01,3.54,4.22,,,
1964-04-01,3.47,4.23,,,
1964-05-01,3.48,4.20,,,
1964-06-01,3.48,4.17,,,
1964-07-01,3.46,4.19,,,
1964-08-01,3.50,4.19,,,
1964-09-01,3.53,4.20,,,
1964-10-01,3.57,4.19,,,
1964-11-01,3.64,4.15,,,
1964-12-01,3.84,4.18,,,
1965-01-01,3.81,4.19,,,
1965-02-01,3.93,4.21,,,
1965-03-01,3.93,4.21,,,
1965-04-01,3.93,4.20,,,
1965-05-01,3.89,4.21,,,
1965-06-01,3.80,4.21,,,
1965-07-01,3.84,4.20,,,
1965-08-01,3.84,4.25,,,
1965-09-01,3.92,4.29,,,
1965-10-01,4.03,4.35,,,
1965-11-01,4.09,4.45,,,
1965-12-01,4.38,4.62,,,
1966-01-01,4.59,4.61,,,
1966-02-01,4.65,4.83,,,
1966-03-01,4.59,4.87,,,
1966-04-01,4.62,4.75,,,
1966-05-01,4.64,4.78,,,
1966-06-01,4.50,4.81,,,
1966-07-01,4.80,5.02,,,
1966-08-01,4.96,5.22,,,
1966-09-01,5.37,5.18,,,
1966-10-01,5.35,5.01,,,
1966-11-01,5.32,5.16,,,
1966-12-01,4.96,4.84,,,
1967-01-01,4.72,4.58,,,
1967-02-01,4.56,4.63,,,
1967-03-01,4.26,4.54,,,
1967-04-01,3.84,4.59,,,
1967-05-01,3.60,4.85,,,
1967-06-01,3.54,5.02,,,
1967-07-01,4.21,5.16,,,
1967-08-01,4.27,5.28,,,
1967-09-01,4.42,5.30,,,
1967-10-01,4.56,5.48,,,
1967-11-01,4.73,5.75,,,
1967-12-01,4.97,5.70,,,
1968-01-01,5.00,5.53,,,
1968-02-01,4.98,5.56,,,
1968-03-01,5.17,5.74,,,
1968-04-01,5.38,5.64,,,
1968-05-01,5.66,5.87,,,
1968-06-01,5.52,5.72,,,
1968-07-01,5.31,5.50,,,
1968-08-01,5.09,5.42,,,
1968-09-01,5.19,5.46,,,
1968-10-01,5.35,5.58,,,
1968-11-01,5.45,5.70,,,
1968-12-01,5.96,6.03,,,
1969-01-01,6.14,6.04,,,
1969-02-01,6.12,6.19,,,
1969-03-01,6.02,6.30,,,
1969-04-01,6.11,6.17,,,
1969-05-01,6.04,6.32,,,
1969-06-01,6.44,6.57,,,
1969-07-01,7.00,6.72,,,
1969-08-01,6.98,6.69,,,
1969-09-01,7.09,7.16,,,
1969-10-01,7.00,7.10,,,
1969-11-01,7.24,7.14,,,
1969-12-01,7.82,7.65,,,
1970-01-01,7.87,7.79,,,
1970-02-01,7.13,7.24,,,
1970-03-01,6.63,7.07,,,
1970-04-01,6.51,7.39,,,
1970-05-01,6.84,7.91,,,
1970-06-01,6.68,7.84,,,
1970-07-01,6.45,7.46,,,
1970-08-01,6.41,7.53,,,
1970-09-01,6.12,7.39,,,
1970-10-01,5.91,7.33,,,
1970-11-01,5.28,6.84,,,
1970-12-01,4.87,6.39,,,
1971-01-01,4.44,6.24,,,
1971-02-01,3.70,6.11,,,
1971-03-01,3.38,5.70,,,
1971-04-01,3.86,5.83,,,
1971-05-01,4.14,6.39,,,
1971-06-01,4.75,6.52,,,
1971-07-01,5.40,6.73,,,
1971-08-01,4.94,6.58,,,
1971-09-01,4.69,6.14,,,
1971-10-01,4.46,5.93,,,
1971-11-01,4.22,5.81,,,
1971-12-01,4.01,5.93,,,
1972-01-01,3.38,5.95,,,
1972-02-01,3.20,6.08,,,
1972-03-01,3.73,6.07,,,
1972-04-01,3.71,6.19,,,
1972-05-01,3.69,6.13,,,
1972-06-01,3.91,6.11,,,
1972-07-01,3.98,6.11,,,
1972-08-01,4.02,6.21,,,
1972-09-01,4.66,6.55,,,
1972-10-01,4.74,6.48,,,
1972-11-01,4.78,6.28,,,
1972-12-01,5.07,6.36,,,
1973-01-01,5.41,6.46,,,
1973-02-01,5.60,6.64,,,
1973-03-01,6.09,6.71,,,
1973-04-01,6.26,6.67,,,
1973-05-01,6.36,6.85,,,
1973-06-01,7.19,6.90,,,
1973-07-01,8.01,7.13,,,
1973-08-01,8.67,7.40,,,
1973-09-01,8.29,7.09,,,
1973-10-01,7.22,6.79,,,
1973-11-01,7.83,6.73,,,
1973-12-01,7.45,6.74,,,
1974-01-01,7.77,6.99,,,
1974-02-01,7.12,6.96,,,
1974-03-01,7.96,7.21,,,
1974-04-01,8.33,7.51,,,
1974-05-01,8.23,7.58,,,
1974-06-01,7.90,7.54,,,
1974-07-01,7.55,7.81,,,
1974-08-01,8.96,8.04,,,
1974-09-01,8.06,8.04,,,
1974-10-01,7.46,7.90,,,
1974-11-01,7.47,7.68,,,
1974-12-01,7.15,7.43,,,
1975-01-01,6.26,7.50,,,
1975-02-01,5.50,7.39,,,
1975-03-01,5.49,7.73,,,
1975-04-01,5.61,8.23,,,
1975-05-01,5.23,8.06,,,
1975-06-01,5.34,7.86,,,
1975-07-01,6.13,8.06,,,
1975-08-01,6.44,8.40,,,
1975-09-01,6.42,8.43,,,
1975-10-01,5.96,8.14,,,
1975-11-01,5.48,8.05,,,
1975-12-01,5.44,8.00,,,
1976-01-01,4.87,7.74,,,
1976-02-01,4.88,7.79,,,
1976-03-01,5.00,7.73,,,
1976-04-01,4.86,7.56,,,
1976-05-01,5.20,7.90,,,
1976-06-01,5.41,7.86,,,
1976-07-01,5.23,7.83,,,
1976-08-01,5.14,7.77,,,
1976-09-01,5.08,7.59,,,
1976-10-01,4.92,7.41,,,
1976-11-01,4.75,7.29,,,
1976-12-01,4.35,6.87,,,
1977-01-01,4.62,7.21,,,
1977-02-01,4.67,7.39,,,
1977-03-01,4.60,7.46,,,
1977-04-01,4.54,7.37,,,
1977-05-01,4.96,7.46,,,
1977-06-01,5.02,7.28,,,
1977-07-01,5.19,7.33,,,
1977-08-01,5.49,7.40,,,
1977-09-01,5.81,7.34,,,
1977-10-01,6.16,7.52,,,
1977-11-01,6.10,7.58,,,
1977-12-01,6.07,7.69,,,
1978-01-01,6.44,7.96,,,
1978-02-01,6.45,8.03,,,
1978-03-01,6.29,8.04,,,
1978-04-01,6.29,8.15,,,
1978-05-01,6.41,8.35,,,
1978-06-01,6.73,8.46,,,
1978-07-01,7.01,8.64,,,
1978-08-01,7.08,8.41,,,
1978-09-01,7.85,8.42,,,
1978-10-01,7.99,8.64,,,
1978-11-01,8.64,8.81,,,
1978-12-01,9.08,9.01,,,
1979-01-01,9.35,9.10,,,
1979-02-01,9.32,9.10,,,
1979-03-01,9.48,9.12,,,
1979-04-01,9.46,9.18,,,
1979-05-01,9.61,9.25,,,
1979-06-01,9.06,8.91,,,
1979-07-01,9.24,8.95,,,
1979-08-01,9.52,9.03,,,
1979-09-01,10.26,9.33,,,
1979-10-01,11.70,10.30,,,
1979-11-01,11.79,10.65,,,
1979-12-01,12.04,10.39,,,
1980-01-01,12.00,10.80,,,
1980-02-01,12.86,12.41,,,
1980-03-01,15.20,12.75,,,
1980-04-01,13.20,11.47,,,
1980-05-01,8.58,10.18,,,
1980-06-01,7.07,9.78,,,
1980-07-01,8.06,10.25,,,
1980-08-01,9.13,11.10,,,
1980-09-01,10.27,11.51,,,
1980-10-01,11.62,11.75,,,
1980-11-01,13.73,12.68,,,
1980-12-01,15.49,12.84,,,
1981-01-01,15.02,12.57,,,
1981-02-01,14.79,13.19,,,
1981-03-01,13.36,13.12,,,
1981-04-01,13.69,13.68,,,
1981-05-01,16.30,14.10,,,
1981-06-01,14.73,13.47,,,
1981-07-01,14.95,14.28,,,
1981-08-01,15.51,14.94,,,
1981-09-01,14.70,15.32,,,
1981-10-01,13.54,15.15,,,
1981-11-01,10.86,13.39,,,
1981-12-01,10.85,13.72,,,
1982-01-01,12.28,14.59,,,
1982-02-01,13.48,14.43,,,
1982-03-01,12.68,13.86,,,
1982-04-01,12.70,13.87,,,
1982-05-01,12.09,13.62,,,
1982-06-01,12.47,14.30,,,
1982-07-01,11.35,13.95,,,
1982-08-01,8.68,13.06,,,
1982-09-01,7.92,12.34,,,
1982-10-01,7.71,10.91,,,
1982-11-01,8.07,10.55,,,
1982-12-01,7.94,10.54,,,
1983-01-01,7.86,10.46,,,
1983-02-01,8.11,10.72,,,
1983-03-01,8.35,10.51,,,
1983-04-01,8.21,10.40,,,
1983-05-01,8.19,10.38,,,
1983-06-01,8.79,10.85,,,
1983-07-01,9.08,11.38,,,
1983-08-01,9.34,11.85,,,
1983-09-01,9.00,11.65,,,
1983-10-01,8.64,11.54,,,
1983-11-01,8.76,11.69,,,
1983-12-01,9.00,11.83,,,
1984-01-01,8.90,11.67,,,
1984-02-01,9.09,11.84,,,
1984-03-01,9.52,12.32,,,
1984-04-01,9.69,12.63,,,
1984-05-01,9.83,13.41,,,
1984-06-01,9.87,13.56,,,
1984-07-01,10.12,13.36,,,
1984-08-01,10.47,12.72,,,
1984-09-01,10.37,12.52,,,
1984-10-01,9.74,12.16,,,
1984-11-01,8.61,11.57,,,
1984-12-01,8.06,11.50,,,
1985-01-01,7.76,11.38,,,
1985-02-01,8.27,11.51,,,
1985-03-01,8.52,11.86,,,
1985-04-01,7.95,11.43,,,
1985-05-01,7.48,10.85,,,
1985-06-01,6.95,10.16,,,
1985-07-01,7.08,10.31,,,
1985-08-01,7.14,10.33,,,
1985-09-01,7.10,10.37,,,
1985-10-01,7.16,10.24,,,
1985-11-01,7.24,9.78,,,
1985-12-01,7.10,9.26,,,
1986-01-01,7.07,9.19,,,
1986-02-01,7.06,8.70,,,
1986-03-01,6.56,7.78,,,
1986-04-01,6.06,7.30,,,
1986-05-01,6.15,7.71,,,
1986-06-01,6.21,7.80,,,
1986-07-01,5.83,7.30,,,
1986-08-01,5.53,7.17,,,
1986-09-01,5.21,7.45,,,
1986-10-01,5.18,7.43,,,
1986-11-01,5.35,7.25,,,
1986-12-01,5.53,7.11,,,
1987-01-01,5.43,7.08,,,
1987-02-01,5.59,7.25,,,
1987-03-01,5.59,7.25,,,
1987-04-01,5.64,8.02,,,
1987-05-01,5.66,8.61,,,
1987-06-01,5.67,8.40,,,
1987-07-01,5.69,8.45,,,
1987-08-01,6.04,8.76,,,
1987-09-01,6.40,9.42,,,
1987-10-01,6.13,9.52,,,
1987-11-01,5.69,8.86,,,
1987-12-01,5.77,8.99,,,
1988-01-01,5.81,8.67,,,
1988-02-01,5.66,8.21,,,
1988-03-01,5.70,8.37,,,
1988-04-01,5.91,8.72,,,
1988-05-01,6.26,9.09,,,
1988-06-01,6.46,8.92,,,
1988-07-01,6.73,9.06,,,
1988-08-01,7.06,9.26,,,
1988-09-01,7.24,8.98,,,
1988-10-01,7.35,8.80,,,
1988-11-01,7.76,8.96,,,
1988-12-01,8.07,9.11,,,
1989-01-01,8.27,9.09,,,
1989-02-01,8.53,9.17,,,
1989-03-01,8.82,9.36,,,
1989-04-01,8.65,9.18,,,
1989-05-01,8.43,8.86,,,
1989-06-01,8.15,8.28,,,
1989-07-01,7.88,8.02,,,
1989-08-01,7.90,8.11,,,
1989-09-01,7.75,8.19,,,
1989-10-01,7.64,8.01,,,
1989-11-01,7.69,7.87,,,
1989-12-01,7.63,7.84,,,
1990-01-01,7.64,8.21,,,
1990-02-01,7.74,8.47,,,
1990-03-01,7.90,8.59,,,
1990-04-01,7.77,8.79,,,
1990-05-01,7.74,8.76,,,
1990-06-01,7.73,8.48,,,
1990-07-01,7.62,8.47,,,
1990-08-01,7.45,8.75,,,
1990-09-01,7.36,8.89,,,
1990-10-01,7.17,8.72,,,
1990-11-01,7.06,8.39,,,
1990-12-01,6.74,8.08,,,
1991-01-01,6.22,8.09,,,
1991-02-01,5.94,7.85,,,
1991-03-01,5.91,8.11,,,
1991-04-01,5.65,8.04,,,
1991-05-01,5.46,8.07,,,
1991-06-01,5.57,8.28,,,
1991-07-01,5.58,8.27,,,
1991-08-01,5.33,7.90,,,
1991-09-01,5.22,7.65,,,
1991-10-01,4.99,7.53,,,
1991-11-01,4.56,7.42,,,
1991-12-01,4.07,7.09,,,
1992-01-01,3.80,7.03,,,
1992-02-01,3.84,7.34,,,
1992-03-01,4.04,7.54,,,
1992-04-01,3.75,7.48,,,
1992-05-01,3.63,7.39,,,
1992-06-01,3.66,7.26,,,
1992-07-01,3.21,6.84,,,
1992-08-01,3.13,6.59,,,
1992-09-01,2.91,6.42,,,
1992-10-01,2.86,6.59,,,
1992-11-01,3.13,6.87,,,
1992-12-01,3.22,6.77,,,
1993-01-01,3.00,6.60,,,
1993-02-01,2.93,6.26,,,
1993-03-01,2.95,5.98,,,
1993-04-01,2.87,5.97,,,
1993-05-01,2.96,6.04,,,
1993-06-01,3.07,5.96,,,
1993-07-01,3.04,5.81,,,
1993-08-01,3.02,5.68,,,
1993-09-01,2.95,5.36,,,
1993-10-01,3.02,5.33,,,
1993-11-01,3.10,5.72,,,
1993-12-01,3.06,5.77,,,
1994-01-01,2.98,5.75,,,
1994-02-01,3.25,5.97,,,
1994-03-01,3.50,6.48,,,
1994-04-01,3.68,6.97,,,
1994-05-01,4.14,7.18,,,
1994-06-01,4.14,7.10,,,
1994-07-01,4.33,7.30,,,
1994-08-01,4.48,7.24,,,
1994-09-01,4.62,7.46,,,
1994-10-01,4.95,7.74,,,
1994-11-01,5.29,7.96,,,
1994-12-01,5.60,7.81,,,
1995-01-01,5.71,7.78,,,94.1002
1995-02-01,5.77,7.47,,,93.6275
1995-03-01,5.73,7.20,,,92.7380
1995-04-01,5.65,7.06,,,90.1878
1995-05-01,5.67,6.63,,,90.1369
1995-06-01,5.47,6.17,,,90.3097
1995-07-01,5.42,6.28,,,90.3452
1995-08-01,5.40,6.49,,,92.4833
1995-09-01,5.28,6.20,,,93.8448
1995-10-01,5.28,6.04,,,93.6617
1995-11-01,5.36,5.93,,,94.8835
1995-12-01,5.14,5.71,,,95.5670
1996-01-01,5.00,5.65,,,96.4501
1996-02-01,4.83,5.81,,,96.6093
1996-03-01,4.96,6.27,,,96.6007
1996-04-01,4.95,6.51,,,96.8903
1996-05-01,5.02,6.74,,,97.3537
1996-06-01,5.09,6.91,,,97.8128
1996-07-01,5.15,6.87,,,97.6823
1996-08-01,5.05,6.64,,,97.2600
1996-09-01,5.09,6.83,,,97.7927
1996-10-01,4.99,6.53,,,98.2434
1996-11-01,5.03,6.20,,,97.8598
1996-12-01,4.91,6.30,.,.,98.9296
1997-01-01,5.03,6.58,6.85,7.39,100.0000
1997-02-01,5.01,6.42,6.73,7.24,101.8516
1997-03-01,5.14,6.69,7.06,7.51,102.6546
1997-04-01,5.16,6.89,7.23,7.70,103.4520
1997-05-01,5.05,6.71,7.03,7.52,102.4414
1997-06-01,4.93,6.49,6.83,7.31,102.0955
1997-07-01,5.05,6.22,6.58,7.04,103.2968
1997-08-01,5.14,6.30,6.66,7.12,105.1786
1997-09-01,4.95,6.21,6.58,7.05,105.6641
1997-10-01,4.97,6.03,6.46,6.90,106.2741
1997-11-01,5.14,5.88,6.41,6.88,108.0039
1997-12-01,5.16,5.81,6.35,6.84,112.2393
1998-01-01,5.04,5.54,6.11,6.63,115.9906
1998-02-01,5.09,5.57,6.18,6.74,114.4475
1998-03-01,5.03,5.65,6.25,6.81,114.1787
1998-04-01,4.95,5.64,6.23,6.78,113.9345
1998-05-01,5.00,5.65,6.25,6.79,114.8202
1998-06-01,4.98,5.50,6.14,6.67,117.3693
1998-07-01,4.96,5.46,6.12,6.68,117.6859
1998-08-01,4.90,5.34,6.03,6.68,119.6039
1998-09-01,4.61,4.81,5.85,6.73,118.2007
1998-10-01,3.96,4.53,5.58,6.64,115.0699
1998-11-01,4.41,4.83,5.79,6.96,115.0556
1998-12-01,4.39,4.65,5.56,6.70,114.3004
1999-01-01,4.34,4.72,5.65,6.71,114.5023
1999-02-01,4.44,5.00,5.90,6.88,116.0309
1999-03-01,4.44,5.23,6.05,7.00,117.4596
1999-04-01,4.29,5.18,5.98,6.88,116.8587
1999-05-01,4.50,5.54,6.28,7.16,116.6886
1999-06-01,4.57,5.90,6.66,7.54,117.2677
1999-07-01,4.55,5.79,6.60,7.50,117.3449
1999-08-01,4.72,5.94,6.86,7.76,116.2908
1999-09-01,4.68,5.92,6.84,7.78,115.6301
1999-10-01,4.86,6.11,6.97,7.95,115.1131
1999-11-01,5.07,6.03,6.86,7.84,115.3816
1999-12-01,5.20,6.28,7.06,8.00,115.4333
2000-01-01,5.32,6.66,7.44,8.24,115.2151
2000-02-01,5.55,6.52,7.39,8.15,116.6867
2000-03-01,5.69,6.26,7.31,8.18,116.6735
2000-04-01,5.66,5.99,7.19,8.29,117.3307
2000-05-01,5.79,6.44,7.64,8.81,119.9141
2000-06-01,5.69,6.10,7.35,8.51,118.7010
2000-07-01,5.96,6.05,7.28,8.37,118.9958
2000-08-01,6.09,5.83,7.10,8.22,119.8155
2000-09-01,6.00,5.80,7.02,8.17,121.2054
2000-10-01,6.11,5.74,6.93,8.22,122.9712
2000-11-01,6.17,5.72,6.94,8.37,123.9732
2000-12-01,5.77,5.24,6.48,8.10,122.9532
2001-01-01,5.15,5.16,6.13,7.73,122.8101
2001-02-01,4.88,5.10,6.01,7.54,123.5370
2001-03-01,4.42,4.89,5.74,7.36,125.5514
2001-04-01,3.87,5.14,5.81,7.53,126.5180
2001-05-01,3.62,5.39,5.85,7.36,126.3995
2001-06-01,3.49,5.28,5.68,7.18,127.2270
2001-07-01,3.51,5.24,5.65,7.15,127.6435
2001-08-01,3.36,4.97,5.36,6.92,125.5550
2001-09-01,2.64,4.73,5.06,6.89,125.8961
2001-10-01,2.16,4.57,4.79,6.77,126.7357
2001-11-01,1.87,4.65,4.80,6.86,127.2734
2001-12-01,1.69,5.09,5.05,7.10,127.3909
2002-01-01,1.65,5.04,4.97,6.90,128.8979
2002-02-01,1.72,4.91,5.01,7.05,129.6402
2002-03-01,1.79,5.28,5.50,7.35,128.9150
2002-04-01,1.71,5.21,5.52,7.36,128.5416
2002-05-01,1.73,5.16,5.39,7.49,126.9576
2002-06-01,1.70,4.93,5.20,6.93,125.5364
2002-07-01,1.68,4.65,5.08,7.20,123.8053
2002-08-01,1.62,4.26,4.70,7.14,125.1962
2002-09-01,1.63,3.87,4.44,6.76,126.0642
2002-10-01,1.58,3.94,4.65,7.22,127.0413
2002-11-01,1.23,4.05,4.51,6.65,125.7320
2002-12-01,1.19,4.03,4.40,6.27,125.0607
2003-01-01,1.17,4.05,4.33,6.02,123.5596
2003-02-01,1.17,3.90,4.19,5.79,123.3993
2003-03-01,1.13,3.81,4.06,5.72,122.8932
2003-04-01,1.13,3.96,4.09,5.53,121.9479
2003-05-01,1.07,3.57,3.73,4.94,117.9449
2003-06-01,0.92,3.33,3.53,4.65,117.3416
2003-07-01,0.90,3.98,3.95,5.01,118.4927
2003-08-01,0.95,4.45,4.37,5.48,119.8556
2003-09-01,0.94,4.27,4.11,5.21,118.6206
2003-10-01,0.92,4.29,4.06,5.12,116.1571
2003-11-01,0.93,4.30,4.10,5.12,116.0338
2003-12-01,0.90,4.27,4.07,4.98,114.4802
2004-01-01,0.88,4.15,3.92,4.75,112.6356
2004-02-01,0.93,4.08,3.89,4.71,113.0747
2004-03-01,0.94,3.83,3.67,4.53,114.2224
2004-04-01,0.94,4.35,4.11,5.00,115.0310
2004-05-01,1.02,4.72,4.55,5.44,116.8454
2004-06-01,1.27,4.73,4.66,5.51,115.7666
2004-07-01,1.33,4.50,4.47,5.31,114.9737
2004-08-01,1.48,4.28,4.27,5.14,115.1471
2004-09-01,1.65,4.13,4.14,4.97,114.7087
2004-10-01,1.76,4.10,4.12,4.94,113.0771
2004-11-01,2.07,4.19,4.29,5.03,110.1773
2004-12-01,2.19,4.23,4.32,5.04,108.9736
2005-01-01,2.33,4.22,4.34,5.13,109.5418
2005-02-01,2.54,4.17,4.38,5.11,109.7431
2005-03-01,2.74,4.50,4.70,5.50,109.1596
2005-04-01,2.78,4.34,4.69,5.65,110.0809
2005-05-01,2.84,4.14,4.59,5.65,110.5769
2005-06-01,2.97,4.00,4.49,5.26,111.6388
2005-07-01,3.22,4.18,4.67,5.40,112.1025
2005-08-01,3.44,4.26,4.78,5.46,110.6422
2005-09-01,3.42,4.20,4.69,5.39,110.5132
2005-10-01,3.71,4.46,4.99,5.71,111.5674
2005-11-01,3.88,4.54,5.11,5.88,112.3629
2005-12-01,3.89,4.47,5.09,5.88,111.6511
2006-01-01,4.24,4.42,5.05,5.65,110.1981
2006-02-01,4.43,4.57,5.24,5.78,110.3775
2006-03-01,4.51,4.72,5.36,5.92,110.5359
2006-04-01,4.60,4.99,5.56,6.15,109.7646
2006-05-01,4.72,5.11,5.65,6.23,107.5444
2006-06-01,4.79,5.11,5.73,6.37,108.7959
2006-07-01,4.95,5.09,5.72,6.38,108.5049
2006-08-01,4.96,4.88,5.52,6.18,107.8084
2006-09-01,4.81,4.72,5.36,6.02,108.0537
2006-10-01,4.92,4.73,5.37,6.03,108.3583
2006-11-01,4.94,4.60,5.25,5.87,107.4593
2006-12-01,4.85,4.56,5.20,5.83,106.6566
2007-01-01,4.98,4.76,5.38,5.99,107.6788
2007-02-01,5.03,4.72,5.33,5.91,107.2734
2007-03-01,4.94,4.56,5.19,5.81,106.7481
2007-04-01,4.87,4.69,5.30,5.92,105.4025
2007-05-01,4.73,4.75,5.37,5.96,104.4998
2007-06-01,4.61,5.10,5.70,6.32,104.2475
2007-07-01,4.82,5.00,5.65,6.34,102.9369
2007-08-01,4.20,4.67,5.42,6.34,103.4872
2007-09-01,3.89,4.52,5.33,6.23,102.1135
2007-10-01,3.90,4.53,5.28,6.16,100.0509
2007-11-01,3.27,4.15,4.91,6.09,98.6049
2007-12-01,3.00,4.10,4.90,6.31,99.4530
2008-01-01,2.75,3.74,4.56,6.09,98.6522
2008-02-01,2.12,3.74,4.51,6.22,97.8066
2008-03-01,1.26,3.51,4.47,6.43,95.8746
2008-04-01,1.29,3.68,4.69,6.55,95.5019
2008-05-01,1.73,3.88,4.92,6.52,95.8315
2008-06-01,1.86,4.10,5.15,6.69,96.0363
2008-07-01,1.63,4.01,5.10,6.88,95.3524
2008-08-01,1.72,3.89,5.01,6.92,97.8434
2008-09-01,1.13,3.69,5.43,7.14,100.1949
2008-10-01,0.67,3.81,6.71,9.18,106.8898
2008-11-01,0.19,3.53,6.29,9.91,109.5326
2008-12-01,0.03,2.42,5.37,9.79,108.3554
2009-01-01,0.13,2.52,5.31,9.19,109.0095
2009-02-01,0.30,2.87,5.72,9.09,111.7592
2009-03-01,0.21,2.82,6.89,9.50,112.2438
2009-04-01,0.16,2.93,4.78,9.14,109.4640
2009-05-01,0.18,3.29,4.70,8.23,106.3212
2009-06-01,0.18,3.72,4.51,7.52,104.9626
2009-07-01,0.18,3.56,4.03,6.98,104.5704
2009-08-01,0.17,3.59,3.94,6.34,103.3205
2009-09-01,0.12,3.40,3.64,5.93,102.5432
2009-10-01,0.07,3.39,3.56,5.72,101.0834
2009-11-01,0.05,3.40,3.49,5.55,100.6050
2009-12-01,0.05,3.59,3.52,5.48,101.0176
2010-01-01,0.06,3.73,3.48,5.25,101.3292
2010-02-01,0.11,3.69,3.50,5.22,102.7846
2010-03-01,0.15,3.73,3.47,5.13,101.9633
2010-04-01,0.16,3.85,3.45,5.04,101.4563
2010-05-01,0.16,3.42,3.16,5.01,104.2648
2010-06-01,0.12,3.20,3.10,5.12,104.8328
2010-07-01,0.16,3.01,2.87,4.87,103.2002
2010-08-01,0.16,2.70,2.48,4.50,102.3998
2010-09-01,0.15,2.65,2.45,4.44,101.3996
2010-10-01,0.13,2.54,2.27,4.24,98.7679
2010-11-01,0.14,2.76,2.42,4.35,99.0494
2010-12-01,0.14,3.29,2.77,4.72,99.7052
2011-01-01,0.15,3.39,2.89,4.68,98.5530
2011-02-01,0.13,3.58,3.06,4.75,97.8022
2011-03-01,0.10,3.41,2.96,4.62,96.8669
2011-04-01,0.06,3.46,2.90,4.58,95.2628
2011-05-01,0.04,3.17,2.65,4.35,95.2250
2011-06-01,0.04,3.00,2.52,4.31,95.1999
2011-07-01,0.04,3.00,2.49,4.31,94.5476
2011-08-01,0.02,2.30,2.23,4.17,95.0866
2011-09-01,0.01,1.98,2.20,4.34,97.9271
2011-10-01,0.02,2.15,2.30,4.61,98.8305
2011-11-01,0.01,2.01,2.20,4.45,99.4638
2011-12-01,0.01,1.98,2.32,4.55,100.4003
2012-01-01,0.03,1.97,2.08,4.43,99.7781
2012-02-01,0.09,1.97,2.00,4.15,98.0480
2012-03-01,0.08,2.17,2.03,4.09,98.6425
2012-04-01,0.08,2.05,1.91,4.05,98.9607
2012-05-01,0.09,1.80,1.88,4.01,100.6822
2012-06-01,0.09,1.62,1.87,4.04,102.1234
2012-07-01,0.10,1.53,1.70,3.80,101.6411
2012-08-01,0.10,1.68,1.67,3.72,100.7607
2012-09-01,0.11,1.72,1.61,3.58,99.1842
2012-10-01,0.10,1.75,1.59,3.39,98.8677
2012-11-01,0.09,1.65,1.54,3.35,99.5355
2012-12-01,0.07,1.72,1.59,3.35,98.9607
2013-01-01,0.07,1.91,2.05,3.32,98.8749
2013-02-01,0.10,1.98,2.08,3.41,99.6805
2013-03-01,0.09,1.96,2.05,3.37,100.5408
2013-04-01,0.06,1.76,1.96,3.25,100.1874
2013-05-01,0.04,1.93,2.06,3.30,100.6193
2013-06-01,0.05,2.30,2.44,3.82,101.4302
2013-07-01,0.04,2.58,2.70,4.01,101.9848
2013-08-01,0.04,2.74,2.84,4.07,101.8657
2013-09-01,0.02,2.81,2.90,4.13,101.6531
2013-10-01,0.05,2.62,2.74,3.92,100.6329
2013-11-01,0.07,2.72,2.80,3.89,101.5247
2013-12-01,0.07,2.90,2.87,3.90,101.7099
2014-01-01,0.04,2.86,2.81,3.81,102.6524
2014-02-01,0.05,2.71,2.71,3.71,102.9102
2014-03-01,0.05,2.72,2.72,3.70,102.8238
2014-04-01,0.03,2.71,2.60,3.62,102.4311
2014-05-01,0.03,2.56,2.51,3.47,102.1070
2014-06-01,0.04,2.60,2.57,3.47,102.2573
2014-07-01,0.03,2.54,2.55,3.46,102.0150
2014-08-01,0.03,2.42,2.49,3.44,102.9297
2014-09-01,0.02,2.53,2.59,3.54,104.4791
2014-10-01,0.02,2.30,2.53,3.50,105.8242
2014-11-01,0.02,2.33,2.56,3.63,107.6150
2014-12-01,0.03,2.21,2.51,3.78,110.2102
2015-01-01,0.03,1.88,2.26,3.64,112.5817
2015-02-01,0.02,1.98,2.33,3.65,114.0313
2015-03-01,0.03,2.04,2.52,3.56,116.1148
2015-04-01,0.02,1.94,2.40,3.41,114.9416
2015-05-01,0.02,2.20,2.62,3.63,114.0590
2015-06-01,0.02,2.36,2.83,3.85,114.9380
2015-07-01,0.03,2.32,2.82,3.90,116.9247
2015-08-01,0.07,2.17,2.78,4.00,119.1081
2015-09-01,0.02,2.17,2.76,4.07,120.0140
2015-10-01,0.02,2.07,2.64,4.04,118.9676
2015-11-01,0.12,2.26,2.78,4.16,120.7741
2015-12-01,0.23,2.24,2.82,4.32,121.9999
2016-01-01,0.26,2.09,2.73,4.41,124.6274
2016-02-01,0.31,1.78,2.60,4.46,123.6308
2016-03-01,0.29,1.89,2.56,4.16,121.1184
2016-04-01,0.23,1.81,2.43,3.76,119.1666
2016-05-01,0.27,1.81,2.51,3.69,120.4312
2016-06-01,0.27,1.64,2.43,3.54,120.8707
2016-07-01,0.30,1.50,2.30,3.33,121.6998
2016-08-01,0.30,1.56,2.34,3.28,120.5713
2016-09-01,0.29,1.63,2.48,3.30,121.5131
2016-10-01,0.33,1.76,2.56,3.35,122.6435
2016-11-01,0.45,2.14,2.86,3.67,125.5546
2016-12-01,0.51,2.49,3.11,3.86,127.5298
2017-01-01,0.51,2.43,3.03,3.75,127.3608
2017-02-01,0.52,2.42,3.03,3.70,125.5663
2017-03-01,0.74,2.48,3.13,3.76,125.0383
2017-04-01,0.80,2.30,2.99,3.64,124.1198
2017-05-01,0.89,2.30,2.97,3.59,123.6334
2017-06-01,0.98,2.19,2.87,3.50,122.0180
2017-07-01,1.07,2.32,2.89,3.52,120.3484
2017-08-01,1.01,2.21,2.84,3.47,119.0332
2017-09-01,1.03,2.20,2.84,3.47,117.9039
2017-10-01,1.07,2.36,2.87,3.50,120.0242
2017-11-01,1.23,2.35,2.92,3.56,120.2491
2017-12-01,1.32,2.40,2.95,3.59,119.9313
2018-01-01,1.41,2.58,3.08,3.68,117.1935
2018-02-01,1.57,2.86,3.31,3.94,117.5502
2018-03-01,1.70,2.84,3.40,4.09,118.0646
2018-04-01,1.76,2.87,3.44,4.17,118.1483
2018-05-01,1.86,2.98,3.53,4.33,121.4302
2018-06-01,1.90,2.91,3.51,4.39,123.4234
2018-07-01,1.96,2.89,3.49,4.37,124.0589
2018-08-01,2.03,2.89,3.46,4.32,125.3341
2018-09-01,2.13,3.00,3.58,4.41,126.0398
2018-10-01,2.25,3.15,3.74,4.56,126.8761
2018-11-01,2.33,3.12,3.77,4.73,128.2981
2018-12-01,2.37,2.83,3.60,4.73,128.5202
2019-01-01,2.37,2.71,3.47,4.60,126.7306
2019-02-01,2.39,2.68,3.34,4.37,126.8096
2019-03-01,2.40,2.57,3.30,4.19,127.2096
2019-04-01,2.38,2.53,3.24,4.05,127.3554
2019-05-01,2.35,2.40,3.16,3.96,128.7336
2019-06-01,2.17,2.07,2.87,3.70,128.2525
2019-07-01,2.10,2.06,2.78,3.56,127.8484
2019-08-01,1.95,1.63,2.45,3.30,130.3698
2019-09-01,1.89,1.70,2.51,3.32,130.7506
2019-10-01,1.65,1.71,2.48,3.27,130.1560
2019-11-01,1.54,1.81,2.54,3.27,129.9194
2019-12-01,1.54,1.86,2.54,3.22,129.3615
2020-01-01,1.52,1.76,2.45,3.07,
2020-02-01,1.52,1.50,2.24,2.90,
2020-03-01,0.29,0.87,2.34,4.06,
2020-04-01,0.14,0.66,1.91,3.96,
2020-05-01,0.13,0.67,1.80,3.32,
2020-06-01,0.16,0.73,1.58,2.78,
2020-07-01,0.13,0.62,1.50,2.48,
2020-08-01,0.10,0.65,1.51,2.36,
2020-09-01,0.11,0.68,1.58,2.37,
2020-10-01,0.10,0.79,1.64,2.40,
2020-11-01,0.09,0.87,1.63,2.27,
2020-12-01,0.09,0.93,1.59,2.12,
2021-01-01,0.08,1.08,1.68,2.13,
2021-02-01,0.04,1.26,1.78,2.21,
2021-03-01,0.03,1.61,2.09,2.49,
2021-04-01,0.02,1.64,2.01,2.44,
2021-05-01,0.02,1.62,2.02,2.40,
2021-06-01,0.04,1.52,1.93,2.32,
2021-07-01,0.05,1.32,1.81,2.21,
2021-08-01,0.05,1.28,1.81,2.24,
2021-09-01,0.04,1.37,1.82,2.25,
2021-10-01,0.05,1.58,1.98,2.44,
2021-11-01,0.05,1.56,2.01,2.51,
2021-12-01,0.06,1.47,2.04,2.58,
2022-01-01,0.15,1.76,2.30,2.87,
2022-02-01,0.33,1.93,2.62,3.30,
2022-03-01,0.44,2.13,2.91,3.84,
2022-04-01,0.76,2.75,3.40,4.30,
2022-05-01,0.98,2.90,3.63,4.66,
2022-06-01,1.49,3.14,3.88,5.01,
2022-07-01,2.23,2.90,3.70,5.00,
2022-08-01,2.63,2.90,3.75,4.92,
2022-09-01,3.13,3.52,4.36,5.59,
2022-10-01,3.72,3.98,4.89,6.25,
2022-11-01,4.15,3.89,4.74,6.01,
2022-12-01,4.25,3.62,4.46,5.61,
