caldt,b30ret,b20ret,b10ret,b7ret,b5ret,b2ret,b1ret,t90ret,t30ret,cpiret
29jan1971,.062537,.059468,.044649,.011653,.018049,.020035,.013628,.005191,.003777,0
26feb1971,-.017507,-.017082,-.000506,.018021,.020564,.01134,.009482,.004635,.003344,.002513
31mar1971,.04061,.039614,.059129,.030713,.021626,.007614,.003427,.003004,.002924,.002506
30apr1971,-.003611,-.007576,-.037425,-.038391,-.035255,-.016031,-.004767,.002311,.002804,.0025
28may1971,.003574,.00568,-.021313,-.005366,-.002391,.001165,.001363,.002422,.003127,.004988
30jun1971,-.001678,-.000525,-.012386,-.025472,-.018276,-.008898,-.005324,.003011,.003505,.007444
30jul1971,.005578,.005032,.008733,.000813,.002343,.011327,.007004,.00434,.004272,.002463
31aug1971,.048894,.047081,.046098,.050971,.044748,.015341,.012819,.006234,.004446,.002457
30sep1971,.020593,.020319,.02794,.008452,.006331,.007192,.00415,.003585,.00363,0
29oct1971,.020847,.019011,.014894,.014966,.018449,.012539,.011655,.004444,.003855,.002451
30nov1971,-.002401,-.00457,.01008,.01008,.003488,.003374,.003862,.003974,.003506,0
31dec1971,-.002559,-.007846,.000245,.019209,.020794,.01,.008953,.005181,.003152,.00489
31jan1972,-.00892,-.007114,-.009879,-.0045,-.00314,.005295,.005835,.004022,.00285,0
29feb1972,.014795,.011842,.002768,.008423,.007514,.005054,.003411,.002784,.002659,.004866
30mar1972,-.007411,-.002453,.000559,-.007398,-.010454,-.009913,-.001644,.002357,.00259,.002421
28apr1972,.008323,.006321,.009324,.015198,.015,.011933,.009088,.003784,.002962,.002415
31may1972,.020554,.024367,.006258,.007687,.010934,.008133,.005084,.003224,.002942,.00241
30jun1972,-.007456,-.007872,-.00127,-.003832,-.004373,-.004006,-.001078,.003085,.0028,.002404
31jul1972,.022068,.021398,.00376,.006908,.006244,.008655,.00768,.004233,.003084,.004796
31aug1972,.006791,.007011,-.004457,-.004865,-.003366,-.002349,-.001744,.002413,.002988,.002387
29sep1972,-.003549,-.004865,.000651,.011565,.006283,.001306,.003009,.003705,.003546,.002381
31oct1972,.013099,.010358,.018053,.006342,.004511,.005826,.006602,.004105,.003891,.004751
30nov1972,.014258,.013161,.014573,.012456,.009025,.006439,.005917,.003956,.003739,.002364
29dec1972,-.025101,-.020905,-.001517,-.002515,-.001904,.001165,.004025,.003659,.004185,.002358
31jan1973,-.043471,-.045261,-.004846,.000898,.000592,-.001574,.000071,.003985,.00441,.002353
28feb1973,.000838,.000838,-.004451,-.007847,-.007539,-.001406,.002978,.004423,.004277,.007042
30mar1973,.006869,.006869,.006724,.000492,.002407,-.000449,.000478,.004189,.00475,.009324
30apr1973,.003262,.003262,.008776,.007888,.008916,.007592,.008762,.006015,.005002,.006928
31may1973,-.008574,-.008574,-.010302,.005912,.004753,.005026,.002317,.004839,.005098,.006881
29jun1973,-.002116,-.002116,.004589,.001358,-.000306,.002569,.000399,.00479,.005379,.006834
31jul1973,-.041822,-.041822,-.030567,-.034055,-.035577,-.01172,-.003157,.005599,.00654,.002262
31aug1973,.032932,.032932,.026063,.036118,.033501,.012044,.009507,.006987,.006855,.018059
28sep1973,.039914,.039914,.032945,.031173,.028673,.022061,.016156,.009449,.006749,.002217
31oct1973,-.015498,-.015498,.011631,.002949,.00227,.00702,.00981,.006667,.006856,.00885
30nov1973,.014764,.014764,.005902,.006069,.006209,.005861,.004356,.006129,.005529,.006579
31dec1973,-.006956,-.006956,-.004666,.006243,.002393,.006253,.005515,.006234,.006961,.006536
31jan1974,-.006654,.000065,-.003422,-.005092,.000265,.008299,.007693,.006516,.006274,.008658
28feb1974,-.002791,-.003491,.013221,.004534,.003542,.006541,.004431,.006084,.005819,.012876
29mar1974,-.031641,-.02657,-.016721,-.026571,-.021528,-.015072,-.005337,.004529,.005677,.012712
30apr1974,-.020727,-.019571,-.021058,-.016752,-.018172,-.002382,.001555,.006768,.007949,.004184
31may1974,.017362,.017915,.013945,.012354,.016437,.010244,.010088,.009677,.007235,.0125
28jun1974,.006226,.001472,-.004053,.009372,-.009391,.001966,.003699,.007102,.006892,.00823
31jul1974,-.008255,-.007126,-.013122,-.005566,.002071,.004289,.006664,.006365,.006756,.008163
30aug1974,-.031905,-.020854,-.009864,-.002416,-.001181,.002378,.000455,.004043,.00594,.012146
30sep1974,.026444,.015259,.030076,.017169,.032098,.01951,.022223,.012255,.007997,.012
31oct1974,.041539,.047661,.034682,.02534,.01108,.011981,.011351,.003621,.005254,.009881
29nov1974,.01212,.024305,.023214,.020007,.022249,.014979,.007243,.007061,.005139,.007828
31dec1974,.003009,.011678,.012866,.016893,.017449,.007848,.010211,.007977,.007009,.007767
31jan1975,.029055,.015788,.008689,.009371,.006574,.013315,.015997,.0087,.005387,.003854
28feb1975,.009008,.005708,.010027,.013882,.014735,.013748,.00739,.005288,.004326,.007678
31mar1975,-.03278,-.031057,-.003413,-.006654,-.008388,-.00244,.002314,.004645,.004014,.00381
30apr1975,-.017076,-.024149,-.00918,-.018629,-.016747,-.009031,.000681,.005033,.004489,.003795
30may1975,.03038,.033399,.006045,.014265,.027268,.019517,.012461,.005365,.004869,.005671
30jun1975,.023355,.02956,.001547,.004803,.00017,-.00022,-.001183,.003572,.004133,.007519
31jul1975,-.009149,.002324,-.00188,-.00474,-.002112,-.002034,.002888,.005062,.004811,.011194
29aug1975,-.005335,-.017668,-.006365,.004682,.001699,.006845,.0049,.005117,.004815,.001845
30sep1975,-.011554,-.022856,-.02726,-.005751,.001816,.001613,.004524,.005635,.005575,.005525
31oct1975,.05372,.0425,.017218,.041171,.031872,.025318,.02032,.007732,.005185,.005495
28nov1975,-.013719,-.000968,.01151,-.008222,-.001882,.001479,.00342,.004563,.004127,.007286
31dec1975,.0411,.030283,.032763,.028625,.024073,.015283,.011102,.005876,.004983,.003617
30jan1976,.01208,.017866,.035314,.002993,.005252,.009635,.011287,.005474,.004402,.001802
27feb1976,.002494,.010449,-.000308,.010502,.006377,-.000683,-.00007,.00349,.003452,.003597
31mar1976,.02214,.013347,.003931,.012939,.009178,.006807,.006907,.004927,.004344,.001792
30apr1976,-.000657,.001458,-.00261,.009714,.00785,.00721,.005525,.004596,.00444,.003578
28may1976,-.012839,-.021162,-.000333,-.011182,-.009774,-.006015,-.00105,.002996,.004124,.00713
30jun1976,.019681,.021499,.014614,.01431,.010035,.013771,.009116,.005453,.004446,.00531
30jul1976,.006524,.008902,.006041,.008696,.005678,.009687,.008933,.005114,.00439,.005282
31aug1976,.021369,.011248,.009166,.01789,.015825,.010872,.007982,.004891,.004745,.005254
30sep1976,.016371,.021351,.021487,.011746,.013244,.010165,.006478,.004405,.003924,.003484
29oct1976,.008937,.01355,.01823,.014986,.016418,.009567,.007724,.004749,.004092,.005208
30nov1976,.033681,.033261,.024274,.032385,.033367,.016689,.010535,.005191,.00444,.001727
31dec1976,.035406,.037712,.03799,.005781,.004605,.006886,.005797,.00405,.003579,.003448
31jan1977,-.038876,-.023203,-.026079,-.032006,-.021982,-.009197,-.002645,.003413,.003594,.005155
28feb1977,-.004521,.009946,.004235,.003196,.001962,.006313,.006148,.004,.003499,.010256
31mar1977,.011396,.013575,.000251,.007734,.008241,.006848,.007035,.004457,.003769,.006768
29apr1977,.005508,.006806,-.00458,.003884,.008879,.004749,.004417,.00391,.004114,.008403
31may1977,.012977,-.000111,-.002193,.007326,.00734,.002947,.003003,.003793,.003855,.005
30jun1977,.019484,.016677,.013981,.011653,.014961,.007512,.007888,.004407,.003716,.006633
29jul1977,-.009508,-.013292,-.004943,-.007384,-.007198,-.001915,-.000113,.003531,.003873,.004942
31aug1977,.021385,.018478,.011749,.007688,.008501,.005386,.004549,.005079,.004993,.003279
30sep1977,-.003755,-.009913,.001862,-.000954,-.000428,-.000205,.002863,.004237,.00433,.003268
31oct1977,-.007921,-.009189,-.003637,-.005709,-.006108,.000264,.002716,.005255,.004943,.003257
30nov1977,.008751,.005862,.007351,.010239,.009088,.007713,.006816,.005508,.004959,.00487
30dec1977,-.017968,-.005722,-.009835,-.006493,-.003384,.004081,.003938,.005252,.0047,.003231
31jan1978,-.009673,-.004686,-.00326,-.002426,.000674,.002192,.004119,.005499,.005374,.006441
28feb1978,.001746,-.004203,-.00004,.001798,.000485,.003996,.005423,.005236,.004941,.0064
31mar1978,-.002037,-.007598,-.000347,.00215,.004002,.002861,.005666,.005656,.005017,.007949
28apr1978,.000156,-.004253,.000901,.001798,.00364,.004022,.004503,.00593,.005712,.007886
31may1978,-.006425,-.027546,-.005934,-.001752,-.001671,.001815,.003019,.005367,.005317,.00939
30jun1978,-.005821,-.002069,-.006447,-.003033,-.00232,.000373,.002591,.00548,.005369,.010853
31jul1978,.013828,.014765,.011799,.010236,.009525,.007377,.0075,.006886,.005591,.007669
31aug1978,.025549,.038759,.017925,.010998,.008457,.007261,.006144,.004857,.00555,.004566
29sep1978,-.010008,-.004917,-.003752,.000567,.001508,.001383,.00167,.005368,.005964,.007576
31oct1978,-.018928,-.0298,-.017924,-.015706,-.011822,-.007251,-.001486,.006397,.007498,.009023
30nov1978,.017404,.015635,.014056,.012602,.014548,.004646,.005821,.007183,.007041,.004471
29dec1978,-.009876,-.011868,-.012092,-.008878,-.012748,.000266,.004008,.007384,.007372,.004451
31jan1979,.019755,.01801,.022064,.022334,.022777,.016031,.013594,.008508,.007882,.008863
28feb1979,-.016217,-.014256,-.007248,-.006364,-.006542,.002546,.005848,.007148,.007324,.011713
30mar1979,.013607,.010467,.011324,.01375,.012266,.010632,.011134,.008035,.008928,.01013
30apr1979,-.012435,-.007865,-.006811,-.002727,.002297,.006192,.006254,.00824,.008489,.011461
31may1979,.02447,.019603,.026087,.023185,.021115,.013969,.011964,.008209,.008161,.012748
29jun1979,.032824,.035319,.023457,.021772,.021243,.017013,.01353,.009039,.007858,.011189
31jul1979,-.007977,-.006144,-.005183,-.002957,-.001769,.001129,.002443,.007938,.00841,.011065
31aug1979,-.003446,-.007057,-.00666,-.008629,-.006227,-.000685,.002011,.006844,.007506,.009576
28sep1979,-.008122,-.010716,-.005007,-.001838,-.001467,.001453,.003104,.007135,.007732,.01084
31oct1979,-.077292,-.084062,-.066717,-.053807,-.051422,-.024348,-.008462,.007266,.009621,.008043
30nov1979,.02516,.031137,.048044,.069757,.038609,.024165,.022202,.012244,.009878,.009309
31dec1979,.005833,.005709,.011951,.014821,.007231,.005695,.004434,.010604,.010209,.01054
31jan1980,-.07543,-.074099,-.037477,-.031862,-.014792,-.000164,.00436,.009957,.007968,.014342
29feb1980,-.071114,-.046718,-.050507,-.070389,-.058022,-.036947,-.017205,.006808,.010654,.014139
31mar1980,.00583,-.031467,.048345,.026643,.009701,.010329,.006983,.011029,.012009,.015209
30apr1980,.133137,.152347,.084375,.107488,.106119,.084198,.056059,.021308,.012865,.011236
30may1980,.043988,.045085,.038482,.039527,.043061,.031828,.027164,.014007,.007883,.009877
30jun1980,.045733,.032449,.029314,.012304,.012397,.009644,.011976,.006645,.006312,.011002
31jul1980,-.052077,-.042877,-.042687,-.019007,-.014512,-.002259,.002552,.005972,.005281,0
29aug1980,-.034054,-.041687,-.02764,-.049423,-.047227,-.024598,-.011296,.005154,.005973,.007255
30sep1980,-.029666,-.030386,-.007206,-.006987,-.00169,-.000819,.004651,.007313,.008698,.008403
31oct1980,-.030875,-.02577,-.023339,-.022268,-.020527,-.004518,1.00000000000e-05,.008594,.008912,.009524
28nov1980,.015219,.013088,.00948,-.000495,-.005101,-.004178,-.001299,.007393,.008895,.008255
31dec1980,.038261,.034021,.027544,.029051,.038364,.023869,.022957,.015145,.014149,.009357
30jan1981,-.013092,-.01034,-.004032,-.006166,.00409,.006242,.006077,.011671,.009957,.008111
27feb1981,-.039635,-.039635,-.02898,-.02657,-.022316,-.003742,.00659,.012155,.010685,.010345
31mar1981,.031774,.031774,.027672,.017766,.02566,.021761,.021684,.015867,.013157,.006826
30apr1981,-.05287,-.05287,-.03825,-.036625,-.023817,-.015038,-.007223,.006806,.010756,.00678
29may1981,.049837,.049837,.045241,.045955,.027488,.010423,.010433,.010972,.010646,.007856
30jun1981,-.004761,-.004761,-.006976,-.005651,.005565,.011659,.015184,.015317,.015158,.008909
31jul1981,-.034095,-.034095,-.028486,-.022566,-.02424,-.007927,-.000216,.011801,.011915,.011038
31aug1981,-.040682,-.040682,-.022596,-.022889,-.01716,-.001485,.008122,.012539,.012804,.007642
30sep1981,-.017465,-.017465,-.008044,.007531,.001361,.016037,.016832,.016315,.012794,.009751
30oct1981,.079122,.079122,.074287,.058208,.064539,.044499,.029558,.015794,.011685,.002146
30nov1981,.113675,.113675,.084518,.102137,.067174,.061198,.039117,.015883,.01103,.003212
31dec1981,-.047237,-.047237,-.032776,-.046192,-.038737,-.020742,-.001493,.008287,.008738,.003202
29jan1982,-.001025,-.001025,.002885,.013268,.005668,.00454,.007204,.007271,.007306,.003191
26feb1982,.018873,.018873,.019096,.017454,.013636,.013189,.011353,.010972,.009176,.003181
31mar1982,.024665,.024665,.00563,.004932,.004763,.011891,.012556,.010538,.011077,-.001057
30apr1982,.032416,.032416,.026933,.030066,.030878,.01667,.016626,.013211,.01129,.004233
28may1982,.006632,.006632,.020608,.023386,.011001,.01978,.017477,.011445,.009592,.009484
30jun1982,-.021771,-.021771,-.024989,-.023275,-.016702,-.006901,.000484,.010179,.01071,.012526
30jul1982,.045258,.045258,.041457,.054335,.048838,.035733,.026425,.016875,.01021,.005155
31aug1982,.082304,.082304,.076073,.050175,.042427,.029799,.02512,.013869,.008342,.002051
30sep1982,.059265,.059265,.039536,.041262,.03672,.019479,.018572,.009284,.005118,.002047
29oct1982,.079355,.079355,.099993,.059907,.052641,.031294,.016578,.006189,.005475,.003064
30nov1982,-.011947,-.011947,-.010138,-.001431,.006722,.010845,.010152,.007103,.007201,-.002037
31dec1982,.031309,.031309,.036299,.026882,.017805,.017063,.012635,.007734,.006289,-.004082
31jan1983,-.028511,-.028511,-.020403,-.007733,-.00012,.006373,.007358,.006931,.006864,.002049
28feb1983,.051293,.051293,.042297,.033134,.025365,.012675,.010684,.006816,.006186,.001022
31mar1983,-.00931,-.00931,-.011169,-.006075,-.003449,.000402,.002196,.005883,.006326,0
29apr1983,.034507,.034507,.030024,.020985,.023276,.016457,.012345,.008225,.006918,.00715
31may1983,-.038327,-.038327,-.02976,-.019481,-.013962,-.000181,.002453,.006687,.007584,.006085
30jun1983,.003204,.003204,.000782,.00076,.002685,.002796,.005106,.007472,.006661,.003024
29jul1983,-.047866,-.047866,-.044003,-.024965,-.018615,-.004072,.002198,.007076,.006917,.00402
31aug1983,.002665,.002665,.012783,-.002139,.003932,.007687,.008964,.008917,.008342,.003003
30sep1983,.050744,.050744,.042486,.031062,.028285,.019716,.014604,.008945,.007607,.00499
31oct1983,-.013853,-.013853,-.010992,.003362,.008374,.007806,.009713,.008135,.007433,.002979
30nov1983,.018419,.018419,.016129,.012548,.009663,.008079,.006869,.006745,.007199,.00198
30dec1983,-.0045,-.0045,-.000312,.000083,.003493,.004963,.007258,.007722,.007039,.000988
31jan1984,.024019,.024019,.017865,.020566,.016916,.014382,.01207,.008434,.008083,.005923
29feb1984,-.017601,-.017601,-.013392,-.009228,-.004929,.002026,.004677,.007067,.007328,.004907
30mar1984,-.015465,-.015465,-.02108,-.012586,-.008219,-.000359,.002325,.007243,.00728,.001953
30apr1984,-.007647,-.007647,-.005156,-.00204,.001826,.00558,.008503,.009275,.00813,.004873
31may1984,-.053997,-.053997,-.05056,-.03106,-.030707,-.00705,-.000679,.008516,.007898,.00291
29jun1984,.013634,.013634,.014941,.012311,.012716,.007103,.010672,.008486,.007534,.002901
31jul1984,.068646,.068646,.064574,.048405,.043932,.021652,.015196,.009313,.008755,.003857
31aug1984,.029078,.029078,.014129,.013866,.010768,.012058,.009296,.008804,.007963,.003842
28sep1984,.033218,.033218,.027822,.023684,.019767,.017017,.014104,.009167,.008293,.004785
31oct1984,.058907,.058907,.053938,.043562,.044834,.027395,.019387,.011935,.009766,.002857
30nov1984,.00999,.00999,.018128,.014404,.018118,.019182,.016028,.00906,.007334,0
31dec1984,.011144,.011144,.008761,.012776,.016844,.016004,.01192,.008571,.006923,0
31jan1985,.03964,.03964,.033176,.028507,.022409,.012081,.010537,.00691,.006474,.001899
28feb1985,-.050693,-.050693,-.034553,-.023333,-.019757,-.004428,-.000024,.005883,.006033,.004739
29mar1985,.03048,.028923,.024852,.017254,.016816,.012113,.009301,.007605,.00616,.003774
30apr1985,.019059,.019952,.023987,.025648,.023125,.018092,.014406,.008704,.007565,.004699
31may1985,.093738,.097206,.067834,.058955,.050704,.026418,.016508,.008218,.006062,.003742
28jun1985,.017964,.011734,.009799,.007049,.009185,.011072,.010745,.006252,.005546,.002796
31jul1985,-.010441,-.016024,-.009508,-.0066,-.002507,.005229,.004502,.006215,.006196,.001859
30aug1985,.021166,.027287,.025767,.025752,.017243,.009028,.008959,.006586,.005792,.001855
30sep1985,.00081,.00246,.004798,.00843,.00882,.009248,.007502,.00632,.006049,.002778
31oct1985,.034843,.032256,.026404,.020173,.018743,.011772,.009047,.006042,.006021,.003693
29nov1985,.043493,.038944,.027978,.026254,.018924,.011652,.008595,.006066,.006156,.00276
31dec1985,.067076,.056146,.046272,.040481,.031467,.0143,.008772,.007308,.006139,.002752
31jan1986,.001764,.004046,.003898,.002548,.006628,.006626,.007157,.006297,.004865,.002745
28feb1986,.102709,.116172,.064801,.046833,.028119,.010161,.008737,.005387,.005296,-.002737
31mar1986,.104662,.095499,.057311,.044439,.032452,.019839,.011685,.007228,.005963,-.004575
30apr1986,.00268,-.002104,.006599,.000752,.006592,.006861,.008724,.005942,.005341,-.001838
30may1986,-.036916,-.070527,-.038012,-.027768,-.01746,-.001333,.003255,.004998,.004934,.002762
30jun1986,.06754,.063269,.056067,.037872,.029247,.016091,.010356,.006052,.005246,.00551
31jul1986,-.019628,-.00322,.006758,.010451,.01443,.009934,.008645,.005578,.005011,0
29aug1986,.036056,.042512,.033625,.03287,.027386,.017505,.012461,.005879,.004614,.001826
30sep1986,-.038621,-.036389,-.02745,-.020072,-.006582,-.00195,.002585,.004522,.004783,.004558
31oct1986,.004923,.020191,.014308,.018361,.016345,.009022,.006131,.00485,.004209,.000907
28nov1986,.014748,.018607,.012064,.014204,.012781,.006166,.004944,.003898,.003924,.000907
31dec1986,-.003118,-.001595,.000974,.000781,.002098,.001797,.002349,.00487,.004767,.000906
30jan1987,.007381,.020072,.00996,.014493,.010666,.008048,.006284,.004961,.004151,.006335
27feb1987,.005694,.011974,.004267,.006824,.003773,.00433,.004092,.004654,.004309,.003597
31mar1987,-.031042,-.021509,-.014472,-.010843,-.003233,.002096,.003873,.005245,.005012,.00448
30apr1987,-.061095,-.050934,-.038271,-.027785,-.024081,-.006749,-.000434,.00541,.004285,.005352
29may1987,-.014725,-.012909,-.014005,-.006041,-.004098,-.000307,.004298,.004554,.00376,.003549
30jun1987,.022907,.014204,.014514,.011571,.01343,.0114,.00991,.005619,.005031,.003537
31jul1987,-.031751,-.018849,-.01076,-.002058,.001149,.005844,.005853,.00479,.004058,.002643
31aug1987,-.024082,-.020002,-.016456,-.007041,-.006054,.000715,.003542,.005215,.004744,.005272
30sep1987,-.051902,-.045003,-.032366,-.023495,-.019123,-.005103,.00024,.004621,.00482,.005245
30oct1987,.085964,.076892,.056846,.037533,.035681,.021924,.015686,.008572,.00604,.002609
30nov1987,-.000647,.000838,-.003664,.006931,.00567,.005853,.005826,.005902,.003366,.000867
31dec1987,.023039,.022239,.018248,.014414,.013402,.006748,.005116,.004921,.002988,0
29jan1988,.062264,.058712,.044235,.037402,.03001,.015546,.011254,.005001,.002762,.0026
29feb1988,.014352,.012674,.013917,.013222,.011305,.008317,.007677,.005349,.004564,.002593
31mar1988,-.037648,-.034351,-.01993,-.014057,-.009247,.001408,.003859,.004803,.004402,.00431
29apr1988,-.022764,-.020429,-.012511,-.006118,-.004137,.001025,.003688,.004554,.004577,.00515
31may1988,-.018803,-.017823,-.015848,-.008322,-.007183,-.001166,.001617,.005027,.005051,.003416
30jun1988,.052175,.043507,.032302,.025642,.020762,.010538,.007493,.005473,.004832,.004255
29jul1988,-.028581,-.02282,-.012001,-.008058,-.005904,-.00021,.002558,.00498,.00506,.004237
31aug1988,-.000253,.003912,.000564,.000362,-.000459,.002583,.004328,.005813,.005957,.004219
30sep1988,.040526,.039684,.032089,.025344,.02093,.011886,.008824,.006366,.006145,.006723
31oct1988,.032335,.034609,.021687,.020003,.017311,.010753,.008575,.0066,.006074,.003339
30nov1988,-.028554,-.025679,-.020027,-.016581,-.012654,-.003489,.000707,.005817,.005742,.000832
30dec1988,.015324,.017213,.003005,-.002718,-.003215,.001991,.004501,.006759,.006306,.001663
31jan1989,.024232,.023843,.016054,.017462,.010971,.008281,.008496,.00729,.005766,.004979
28feb1989,-.024342,-.024278,-.014851,-.011269,-.008109,-.000783,.002672,.006145,.00611,.004129
31mar1989,.010985,.010591,.0094,.008612,.004408,.003648,.006234,.007611,.006213,.005757
28apr1989,.027851,.025886,.024763,.023455,.024226,.01512,.013278,.007917,.00681,.006541
31may1989,.040009,.037987,.031579,.028242,.020272,.015246,.011499,.007703,.008006,.005686
30jun1989,.067687,.060706,.040859,.036544,.033222,.020284,.014121,.008402,.007147,.002423
31jul1989,.020339,.022687,.025032,.030299,.02502,.017258,.011753,.007313,.00704,.002417
31aug1989,-.027155,-.026317,-.024083,-.025503,-.018245,-.006341,.000374,.006757,.006684,.001608
29sep1989,.002982,.000326,.003223,.002363,.002909,.005091,.0059,.006565,.006387,.00321
31oct1989,.04374,.043613,.033234,.03016,.025382,.016428,.012722,.007657,.00682,.0048
30nov1989,.008764,.008515,.008516,.011648,.009236,.009564,.00785,.006956,.00634,.002389
29dec1989,-.003425,-.002629,-.000408,-.0011,.002274,.003835,.005058,.006462,.005941,.001589
31jan1990,-.042903,-.0396,-.024409,-.015757,-.010543,-.000534,.004723,.007025,.005852,.010309
28feb1990,-.005948,-.00269,-.002074,-.001334,.001235,.004174,.006603,.00597,.005818,.00471
30mar1990,-.002646,-.002265,-.001702,.000472,.000027,.002374,.00495,.006457,.00638,.005469
30apr1990,-.030332,-.027292,-.017396,-.011241,-.006062,.002517,.005484,.007226,.006829,.001554
31may1990,.048937,.048854,.032827,.029453,.02409,.014494,.012023,.007192,.006404,.002327
29jun1990,.025699,.023028,.017846,.015507,.01551,.010964,.009427,.0065,.005898,.005418
31jul1990,.005766,.010401,.011922,.01666,.016341,.011825,.01001,.007401,.006704,.003849
31aug1990,-.051388,-.045907,-.025843,-.015253,-.007523,.003418,.005492,.006726,.006154,.009202
28sep1990,.010307,.012724,.009186,.008775,.009406,.008175,.007546,.006269,.005984,.008359
31oct1990,.025931,.023221,.018981,.018759,.016654,.011386,.009687,.006638,.006559,.006029
30nov1990,.04766,.045085,.030133,.022799,.018591,.009566,.007964,.0065,.005651,.002247
31dec1990,.022503,.019346,.019396,.015587,.016087,.012476,.009662,.007378,.005989,0
31jan1991,.011376,.011511,.010098,.013238,.009233,.008416,.009246,.006225,.004637,.005979
28feb1991,.004963,.004061,.006436,.005337,.004807,.006324,.007135,.00515,.004767,.001486
28mar1991,.001127,.00236,.004182,.001573,.002571,.004789,.006796,.005189,.004391,.001484
30apr1991,.011921,.014065,.0095,.010433,.011056,.010024,.008219,.006082,.005335,.001481
31may1991,-.00332,-.000512,.004376,.005256,.005521,.006358,.005667,.004892,.004461,.002959
28jun1991,-.011133,-.00971,-.006102,-.003866,-.002266,.003577,.004065,.004511,.004171,.00295
31jul1991,.014487,.017111,.013229,.013467,.012943,.008721,.008151,.005221,.00484,.001471
30aug1991,.0363,.035041,.025923,.024982,.02443,.013952,.009562,.005137,.00461,.002937
30sep1991,.034585,.032634,.031095,.026395,.02209,.011493,.008127,.004981,.004558,.004392
31oct1991,-.003614,.00373,.006005,.012008,.01322,.01107,.008269,.005029,.004246,.001458
29nov1991,-.002552,.003498,.008336,.012854,.013768,.010648,.007926,.004846,.003915,.002911
31dec1991,.070085,.059951,.054398,.039717,.028783,.016358,.010221,.004796,.003792,.000726
31jan1992,-.033888,-.031174,-.024549,-.02331,-.013203,-.001171,.002622,.003505,.003059,.00145
28feb1992,.001704,.006302,.008862,.002664,-.001139,.00217,.003748,.002851,.002828,.003621
31mar1992,-.010904,-.011507,-.007535,-.005871,-.005707,-.000917,.002839,.003454,.003376,.005051
30apr1992,-.003595,-.001232,.003928,.00694,.009261,.010101,.007264,.00411,.003303,.001436
29may1992,.030102,.026314,.021337,.02176,.01799,.009655,.005982,.003122,.002758,.001434
30jun1992,.012313,.013678,.019971,.019053,.018828,.011923,.006367,.003652,.003201,.003579
31jul1992,.045186,.043088,.035683,.030483,.023916,.012856,.007907,.003894,.002892,.00214
31aug1992,.00421,.00501,.009816,.012098,.014411,.009047,.005392,.002884,.002605,.002847
30sep1992,.010779,.01751,.019812,.019788,.018478,.010117,.007106,.003376,.002573,.002839
30oct1992,-.023612,-.020311,-.017524,-.01828,-.017625,-.006778,-.001585,.002093,.002286,.003539
30nov1992,.007261,.006713,-.00345,-.007173,-.008006,-.001683,.001173,.002163,.002346,.00141
31dec1992,.029433,.0247,.022404,.018633,.01461,.01023,.006298,.003378,.00227,-.000704
29jan1993,.027884,.026045,.027836,.028823,.025583,.010609,.005234,.002874,.002335,.004933
26feb1993,.03631,.034419,.026678,.023338,.01961,.009104,.004892,.002229,.002209,.003506
31mar1993,.002359,.001221,.005286,.003596,.005423,.003429,.003634,.00289,.002538,.003494
30apr1993,.003596,.008767,.007802,.008909,.00857,.006525,.003972,.00247,.002372,.002786
28may1993,.000794,.004538,-.000582,-.000818,-.001782,-.004272,-.000416,.002168,.002168,.001389
30jun1993,.044182,.041944,.032076,.02633,.017846,.008017,.005124,.003041,.002756,.001387
30jul1993,.019284,.01664,.004442,.001839,.000982,.001747,.002522,.002675,.002402,0
31aug1993,.049772,.037985,.025066,.02383,.019676,.008658,.004829,.002867,.00253,.00277
30sep1993,.012604,.001625,.00799,.006435,.004888,.003775,.003242,.00271,.002356,.002072
29oct1993,.015297,.008235,.004056,.000872,.001681,.001636,.00235,.002431,.00221,.004135
30nov1993,-.038172,-.025002,-.017965,-.012477,-.007976,.000174,.001801,.00264,.002477,.000686
31dec1993,-.002516,.002833,.005053,.012996,.003247,.003561,.003365,.003012,.002263,0
31jan1994,.02068,.025301,.017415,.007472,.012792,.006626,.00472,.002867,.002503,.002743
28feb1994,-.049909,-.039882,-.031254,-.026586,-.018646,-.006388,-.001965,.001882,.00212,.00342
31mar1994,-.04872,-.040967,-.03847,-.028772,-.021269,-.005119,.000173,.00294,.002469,.003408
29apr1994,-.018695,-.013684,-.009781,-.008601,-.009466,-.005059,-.00095,.002473,.002711,.001359
31may1994,-.008937,-.007068,-.00137,.000696,.000709,.001303,.002361,.003416,.00315,.000678
30jun1994,-.015821,-.009328,-.005909,-.003537,-.002512,.002305,.003405,.003998,.003118,.00339
29jul1994,.034384,.033906,.019443,.020565,.015932,.008862,.005569,.003666,.002751,.002703
31aug1994,-.012563,-.006359,.003026,.002237,.004055,.002909,.004103,.003755,.003687,.004043
30sep1994,-.035407,-.029781,-.023275,-.018304,-.014313,-.002879,.00099,.003784,.003659,.002685
31oct1994,-.009704,-.003188,-.003948,-.002969,-.00171,.001976,.003913,.004242,.00384,.000669
30nov1994,.003733,.006163,-.00129,-.003431,-.005725,-.003965,-.001834,.003882,.003691,.001338
30dec1994,.018757,.013564,.011198,.006306,.004413,.000617,.002553,.005058,.00443,0
31jan1995,.026932,.025987,.022922,.017773,.018185,.014517,.01055,.005188,.004156,.004008
28feb1995,.029172,.02696,.030014,.022792,.023423,.014637,.00981,.004816,.003983,.003992
31mar1995,.009134,.009477,.007195,.009026,.005893,.005682,.00512,.005096,.004134,.003313
28apr1995,.016918,.017695,.016973,.016277,.014167,.009411,.006553,.004629,.00445,.003303
31may1995,.091481,.076715,.0549,.047173,.03794,.019592,.010509,.00549,.005355,.001975
30jun1995,.010426,.012271,.011343,.008489,.008807,.005396,.0056,.005136,.004714,.001971
31jul1995,-.022437,-.014392,-.008576,-.004986,-.002987,.00402,.004912,.004856,.004522,0
31aug1995,.022845,.021698,.014105,.013134,.009454,.005882,.005545,.005051,.004637,.002623
29sep1995,.026445,.016986,.012995,.010518,.005559,.004902,.00382,.004328,.004309,.001962
31oct1995,.025703,.027172,.016065,.013878,.013628,.008869,.00635,.004808,.004714,.003264
30nov1995,.031042,.024804,.022024,.017123,.016057,.009914,.006272,.004469,.004108,-.000651
29dec1995,.028825,.025105,.017912,.015736,.009416,.00757,.005909,.005418,.004882,-.000651
31jan1996,-.004412,.000786,.006363,.006716,.009446,.009437,.006672,.004883,.004278,.005863
29feb1996,-.059251,-.045366,-.028964,-.023606,-.013762,-.004858,.001647,.00398,.003908,.003238
29mar1996,-.02051,-.020551,-.010249,-.012303,-.010614,-.002462,.001324,.003719,.003943,.005165
30apr1996,-.021421,-.016512,-.017066,-.007931,-.006609,.000749,.003701,.004557,.004579,.003854
31may1996,-.008201,-.005444,-.00588,-.004116,-.002639,.002034,.004302,.004414,.003982,.001919
28jun1996,.017053,.020281,.014535,.014371,.011286,.006752,.004751,.004102,.004,.000639
31jul1996,-.002954,.001757,.00053,.002146,.001965,.004428,.004591,.004798,.004497,.001914
30aug1996,-.017676,-.013689,-.00514,-.004141,-.000958,.00296,.005076,.004506,.004122,.001911
30sep1996,.030438,.029057,.022799,.01855,.016095,.009433,.006292,.004822,.004375,.003179
31oct1996,.042653,.04029,.029722,.02291,.020909,.01197,.007251,.004262,.004246,.003169
29nov1996,.03451,.034708,.026511,.020155,.015582,.00739,.005262,.004227,.003941,.001895
31dec1996,-.031496,-.024968,-.021218,-.015193,-.011314,-.000112,.002863,.004577,.004404,0
31jan1997,-.013006,-.006384,-.000088,.003048,.003098,.004703,.004862,.004517,.004014,.003153
28feb1997,-.002691,-.000853,-.002146,-.001709,-.001396,.001651,.003557,.003902,.003788,.003143
31mar1997,-.030803,-.023726,-.019247,-.013425,-.010265,-.000992,.002222,.004282,.00431,.002506
30apr1997,.023384,.022389,.019041,.016208,.013136,.008277,.006369,.004844,.004313,.00125
30may1997,.011355,.011775,.011188,.010218,.009351,.00695,.006314,.004837,.004263,-.000624
30jun1997,.022064,.019949,.017494,.011817,.009427,.007522,.006033,.004228,.003744,.001249
31jul1997,.068826,.056907,.040304,.032595,.024703,.011707,.007395,.00453,.004294,.001248
29aug1997,-.037511,-.026807,-.020309,-.012637,-.008012,-.000048,.002864,.004337,.004058,.001869
30sep1997,.034199,.02869,.022409,.018269,.013333,.008374,.006287,.004863,.004576,.002488
31oct1997,.038609,.031945,.024771,.017925,.012638,.007776,.005622,.004169,.003911,.002481
28nov1997,.011381,.013072,.001182,.001886,.001143,.001813,.002906,.003986,.003773,-.000619
31dec1997,.025418,.020765,.014809,.013405,.009777,.00796,.006296,.005112,.004629,-.001238
30jan1998,.020607,.018997,.021106,.018328,.018,.010187,.006909,.004677,.004204,.00186
27feb1998,-.012024,-.007789,-.007748,-.004211,-.004779,.000297,.00263,.003693,.003847,.001856
31mar1998,.003498,.004145,.002537,.002037,.002455,.004476,.004674,.004878,.004485,.001853
30apr1998,.003051,.001752,.003324,.003647,.004828,.00447,.004705,.004626,.004308,.00185
29may1998,.024226,.019128,.010086,.01023,.00581,.005058,.004342,.004217,.003805,.001846
30jun1998,.03075,.023736,.013545,.010974,.007261,.005682,.005285,.004381,.004021,.001229
31jul1998,-.007669,-.003381,.000356,.003997,.003747,.004793,.004824,.004372,.003873,.001227
31aug1998,.060251,.050261,.036926,.034742,.028682,.01617,.008363,.00451,.004012,.001225
30sep1998,.052042,.030753,.052732,.040363,.026988,.012325,.007484,.005102,.003875,.001224
30oct1998,-.022627,-.021293,-.010324,-.002049,-.000174,.004721,.005137,.003809,.003353,.002445
30nov1998,.009537,.013216,-.006612,-.007852,-.004519,-.000709,.001503,.003565,.003233,0
31dec1998,.000421,-.004155,.009651,.004534,.001768,.003025,.003931,.003951,.003779,-.00061
29jan1999,.005447,.00989,.00329,.003539,.006471,.003584,.003757,.003572,.003494,.002441
26feb1999,-.07444,-.049889,-.044,-.03306,-.025961,-.006687,-.000219,.003042,.003372,.001217
31mar1999,-.001208,-.000689,.008629,.004933,.008904,.00804,.00659,.004331,.004076,.00304
30apr1999,-.000682,.003155,-.003473,.003685,.002303,.002924,.003813,.003557,.003784,.007273
28may1999,-.01917,-.014986,-.022523,-.016908,-.013215,-.001816,.001017,.003504,.003463,0
30jun1999,-.013872,-.013139,-.00715,.000656,.003198,.00352,.004703,.004475,.004098,0
30jul1999,-.014073,-.006544,-.004169,-.005485,.000352,.002404,.004497,.004142,.003658,.003008
31aug1999,-.00457,-.003605,-.004519,.000206,.001926,.003621,.00363,.00417,.003876,.0024
30sep1999,.006405,.007494,.012025,.010357,.009743,.006687,.005627,.004565,.003705,.004788
29oct1999,-.010533,-.001441,-.006108,-.000302,-.001126,.001057,.002891,.00394,.003581,.001787
30nov1999,-.011197,-.003845,-.006589,-.001206,-.000905,.001505,.002745,.004302,.003811,.000595
31dec1999,-.019611,-.015267,-.0124,-.008395,-.004854,.001144,.003245,.004551,.003764,0
31jan2000,.004485,.017036,-.009797,-.005052,-.005587,-.001417,.002476,.004339,.004343,.002971
29feb2000,.036776,.030678,.013598,.009505,.009169,.006842,.005797,.004262,.004295,.005924
31mar2000,.047912,.034984,.034752,.027027,.017635,.006593,.005338,.004793,.004377,.008245
28apr2000,-.013274,-.007828,-.010026,-.006717,-.004274,.001496,.003549,.004941,.004595,.000584
31may2000,-.000867,-.004246,.001771,.005836,.004903,.004925,.004305,.006164,.004782,.001168
30jun2000,.020563,.020999,.022074,.019042,.018501,.011403,.007794,.004348,.003744,.005248
31jul2000,.020272,.018508,.00464,.008591,.0072,.006752,.005483,.004468,.004772,.00232
31aug2000,.020774,.022423,.016603,.015843,.013304,.007772,.005976,.005156,.005002,0
29sep2000,-.024577,-.013494,-.001323,.007017,.010004,.007983,.005337,.005281,.005093,.005208
31oct2000,.018404,.017418,.008647,.009339,.008094,.006054,.004956,.005153,.005217,.001727
30nov2000,.029119,.030494,.025641,.024855,.016327,.010289,.006788,.005437,.004966,.000575
29dec2000,.02645,.026133,.030723,.023028,.023355,.012919,.009996,.005512,.004909,-.000574
31jan2001,-.001917,.002511,.004164,.011923,.01351,.013519,.012048,.0069,.005243,.006322
28feb2001,.014203,.018639,.011636,.012849,.01131,.006873,.004732,.003967,.003653,.003998
30mar2001,-.014758,-.007316,.00275,.006763,.008259,.007193,.007367,.004678,.00432,.002275
30apr2001,-.043105,-.031123,-.027449,-.015447,-.008237,.002154,.004721,.00447,.003864,.003973
31may2001,.008805,.003703,.001373,.003136,.002011,.005381,.006094,.003853,.003183,.004522
29jun2001,.004153,.005339,.002161,.001581,.00223,.003227,.002773,.003001,.002778,.001688
31jul2001,.038582,.038935,.030526,.028164,.022406,.01311,.007754,.003305,.002999,-.002809
31aug2001,.026989,.0236,.015065,.014634,.011976,.007129,.004845,.003284,.002996,0
28sep2001,-.00266,.004898,.022599,.025211,.023823,.017807,.010444,.004224,.00273,.004507
31oct2001,.088895,.05198,.031821,.028631,.020708,.012043,.007903,.002545,.002154,-.003365
30nov2001,-.055366,-.051658,-.035211,-.029733,-.018299,-.005276,.001236,.002106,.001749,-.001688
31dec2001,-.022782,-.014911,-.017354,-.0124,-.009027,.00025,.002073,.001592,.001484,-.003946
31jan2002,.010098,.011488,.004609,.005779,.003923,.002636,.000687,.001488,.00139,.002264
28feb2002,.006827,.012538,.012027,.01298,.011665,.0054,.003139,.001373,.001285,.003953
28mar2002,-.050435,-.040447,-.03679,-.029495,-.023253,-.008508,-.002648,.001376,.001341,.005624
30apr2002,.036252,.040135,.029382,.028622,.023723,.013578,.007708,.001669,.001546,.005593
31may2002,.002146,.001533,.008136,.011315,.010847,.004414,.002214,.001607,.001442,0
28jun2002,.018716,.018251,.021555,.018485,.016332,.00943,.005796,.001432,.001312,.000556
31jul2002,.035049,.030021,.03077,.030141,.028037,.015878,.005072,.001556,.001507,.001112
30aug2002,.06011,.045547,.030178,.022089,.016825,.004572,.000968,.001467,.001402,.003331
30sep2002,.042904,.041489,.04689,.036019,.030206,.010277,.004035,.001606,.001414,.00166
31oct2002,-.041985,-.028103,-.020221,-.008435,-.003478,.002358,.002565,.001475,.001334,.001657
29nov2002,-.003344,-.011966,-.021163,-.019251,-.017077,-.005049,-.000347,.001557,.001166,0
31dec2002,.042637,.044021,.035968,.034456,.028048,.011089,.00448,.001199,.001079,-.002206
31jan2003,-.004782,-.004343,-.008285,-.007164,-.006167,.000875,.000443,.001084,.000934,.004422
28feb2003,.029008,.030871,.02623,.021521,.016693,.005203,.001683,.00085,.000871,.007705
31mar2003,-.01793,-.011278,-.005651,-.002253,.00002,.0019,.002141,.001198,.00102,.006008
30apr2003,.011381,.009585,-.000069,.0024,.001737,.001626,.001039,.00093,.000939,-.002172
30may2003,.064188,.057641,.042443,.03375,.025215,.004609,.001078,.000958,.000903,-.001632
30jun2003,-.023214,-.01402,-.009082,-.004886,-.002791,.0022,.002162,.001439,.000984,.00109
31jul2003,-.104917,-.093603,-.066819,-.046952,-.03069,-.006811,-.000905,.000746,.000674,.001089
29aug2003,.023022,.009902,.004672,-.000653,-.002624,-.002283,.000532,.000717,.000689,.003806
30sep2003,.055228,.058097,.046768,.04035,.033421,.01215,.003814,.001072,.000865,.00325
31oct2003,-.031384,-.029366,-.024426,-.018579,-.014593,-.0051,-.000772,.000774,.0007,-.00108
28nov2003,.004057,.003887,.001662,-.000094,-.000681,-.001446,-.000455,.000804,.000725,-.002703
31dec2003,.013211,.016052,.010311,.011373,.010046,.006885,.003836,.000971,.000831,-.001084
30jan2004,.019525,.015763,.012966,.009444,.005584,.002965,.001233,.000868,.000696,.004883
27feb2004,.021635,.023563,.017481,.01592,.012425,.00532,.001592,.000663,.000623,.0054
31mar2004,.014178,.013929,.014353,.012258,.011272,.003441,.00141,.000918,.000844,.006445
30apr2004,-.067295,-.059584,-.04909,-.040496,-.033809,-.012968,-.00331,.000816,.000795,.003202
28may2004,-.003441,-.0041,-.006666,-.004916,-.004927,-.001439,-.000371,.000749,.000603,.005851
30jun2004,.011977,.013616,.010107,.008733,.00557,.000646,.0002,.000819,.000817,.003173
30jul2004,.016703,.014664,.01208,.00959,.007603,.003181,.001789,.000896,.000919,-.001581
31aug2004,.043186,.039549,.032183,.026443,.020377,.008366,.003512,.001258,.001116,.000528
30sep2004,.009077,.008695,.002804,.00204,.000598,-.001396,-.000269,.001327,.001185,.002111
29oct2004,.01872,.015813,.011144,.008994,.006911,.003467,.001553,.001111,.001129,.005266
30nov2004,-.025773,-.022469,-.017663,-.018028,-.014843,-.00572,-.002025,.001474,.001541,.000524
31dec2004,.029946,.024136,.013398,.011803,.00749,.001828,.001464,.002104,.001672,-.003665
31jan2005,.038437,.028471,.009351,.004691,.000411,-.000905,.000604,.00169,.001661,.002102
28feb2005,-.015657,-.014668,-.013112,-.012305,-.010545,-.002707,-.000387,.001613,.001641,.005768
31mar2005,-.00093,-.004377,-.004518,-.003489,-.002861,.000109,.001544,.002385,.002123,.007821
29apr2005,.039067,.035333,.026104,.020601,.015349,.006062,.003691,.002189,.002072,.006725
31may2005,.032511,.03217,.018363,.020712,.010154,.004763,.003251,.002672,.002395,-.001028
30jun2005,.022747,.017606,.009046,.002256,.004573,.001778,.001802,.002256,.002263,.000514
29jul2005,-.036368,-.031633,-.021346,-.020219,-.01506,-.004307,-.000608,.002114,.002383,.004627
31aug2005,.035543,.032788,.020806,.018484,.015683,.007228,.004896,.003081,.00292,.005118
30sep2005,-.041069,-.033298,-.018281,-.017388,-.012072,-.003314,-.00006,.003136,.002848,.01222
31oct2005,-.022459,-.019975,-.011898,-.011174,-.008743,-.000763,.001098,.002667,.002728,.002012
30nov2005,.012485,.007972,.006295,.006018,.004313,.003289,.002993,.003393,.003045,-.008032
30dec2005,.026477,.027379,.011198,.010786,.005806,.003983,.003666,.00317,.00316,-.004049
31jan2006,-.015976,-.011112,-.004563,-.004991,-.002261,.001664,.001937,.003212,.003488,.007622
28feb2006,.012809,.008721,.000153,-.002072,-.001712,.000597,.002138,.00327,.003322,.002017
31mar2006,-.055518,-.040187,-.019782,-.010402,-.006159,.001006,.002633,.003923,.003642,.005536
28apr2006,-.038002,-.024514,-.008795,-.004494,-.001292,.002915,.003109,.00334,.003559,.008509
31may2006,-.005631,-.001525,-.001047,-.001838,-.001677,.001361,.002628,.004294,.004195,.004963
30jun2006,.010872,.01062,.003077,.003175,.000956,.0015,.002458,.003842,.00397,.001975
31jul2006,.023037,.021198,.016418,.015436,.013136,.008253,.005809,.004207,.003976,.002957
31aug2006,.033521,.028996,.021575,.016606,.013386,.0073,.005217,.004477,.004283,.001966
29sep2006,.022313,.017554,.011343,.010171,.007946,.004989,.004391,.004418,.004047,-.004904
31oct2006,.011512,.00811,.007074,.00576,.004238,.003894,.003965,.003932,.004076,-.005421
30nov2006,.028752,.020207,.013674,.011619,.008574,.005344,.004218,.004312,.004243,-.001487
29dec2006,-.035085,-.02417,-.015746,-.01155,-.00749,-.000605,.002285,.004088,.004036,.001489
31jan2007,-.010679,-.007534,-.0036,-.001775,-.000763,.001951,.003995,.00441,.004328,.003053
28feb2007,.035901,.028796,.019999,.018779,.015508,.008344,.005063,.003807,.003837,.00535
30mar2007,-.021418,-.01211,-.002247,.001164,.003053,.004382,.003904,.004365,.004257,.009106
30apr2007,.008677,.008095,.006799,.005634,.004633,.003723,.003403,.004529,.004348,.006496
31may2007,-.025944,-.020529,-.014483,-.013946,-.011059,-.001889,.002538,.004487,.004046,.006111
29jun2007,-.013263,-.008926,-.006804,-.001106,.000799,.004189,.004246,.003801,.003918,.001938
31jul2007,.039013,.030381,.023884,.021695,.018827,.010287,.006321,.004037,.003962,-.000254
31aug2007,.014998,.017484,.01713,.022029,.017403,.010008,.007002,.005694,.004205,-.001834
28sep2007,.00233,.001447,-.00044,.002781,.004294,.006878,.005447,.003905,.003347,.002756
31oct2007,.018432,.01578,.013082,.009846,.007296,.004278,.003567,.003145,.003212,.002139
30nov2007,.062646,.048778,.044192,.039726,.037483,.020658,.011388,.004658,.003395,.00594
31dec2007,-.00874,-.006067,-.003627,.001302,.000672,.001824,.001147,.002879,.002921,-.000671
31jan2008,.025452,.025689,.038355,.036982,.033951,.020304,.013061,.005008,.00243,.004971
29feb2008,-.00759,.000404,.009265,.014976,.014841,.009926,.005399,.001676,.001325,.002904
31mar2008,.022067,.012042,.011256,.017594,.004523,.003037,.002887,.00243,.001869,.008668
30apr2008,-.025128,-.018873,-.016442,-.029068,-.023902,-.012268,-.002938,.001126,.001025,.006065
30may2008,-.036625,-.029605,-.018756,-.018669,-.015239,-.005992,-.001104,.000221,.000946,.008421
30jun2008,.036209,.023758,.010754,.014134,.007218,.003551,.001278,.001831,.00175,.010077
31jul2008,-.00412,-.000827,.005155,.009349,.007249,.00523,.003177,.00172,.00144,.005251
29aug2008,.0285,.023764,.015313,.012839,.008864,.004534,.002366,.001413,.001282,-.003992
30sep2008,.0221,.007784,.000875,.003465,.009371,.010026,.005113,.002546,.00153,-.001383
31oct2008,-.006968,-.036296,-.028592,-.007144,.010844,.012592,.005218,.001208,.000792,-.010101
28nov2008,.172202,.144461,.085378,.081895,.045233,.012121,.00717,.001024,.000228,-.019153
31dec2008,.146556,.091421,.056872,.036706,.023094,.006517,.00389,.000063,.000029,-.010342
30jan2009,-.147382,-.105931,-.044454,-.029484,-.016891,-.004086,-.001545,-.000038,.000023,.004352
27feb2009,-.016446,-.004178,-.00192,-.011374,-.005036,-.000711,-.001389,.00028,.000147,.004973
31mar2009,.035141,.057347,.03291,.032325,.018826,.005159,.001434,.000351,.000159,.002432
30apr2009,-.084469,-.061338,-.035782,-.024371,-.01675,-.001117,.001908,.000359,.000125,.002496
29may2009,-.045676,-.025809,-.016442,-.019651,-.013248,.000831,.000361,.000118,.000017,.002889
30jun2009,.004932,.006795,.002851,-.005474,-.00725,-.002294,.000567,.000108,.000075,.00859
31jul2009,.008809,.007232,.008263,.008512,.006035,.00192,.001105,.000196,.000119,-.001586
31aug2009,.024428,.020938,.010147,.010546,.009517,.004433,.001488,.000241,.000116,.002243
30sep2009,.024697,.016535,.010322,.010792,.006463,.002416,.000799,.00025,.000079,.000625
30oct2009,-.024902,-.01416,-.003575,.002101,.003621,.002946,-.000021,.000195,.00004,.000963
30nov2009,.00707,.01841,.018977,.02212,.018421,.006743,.001892,.000104,4.00000000000e-06,.000708
31dec2009,-.065857,-.054419,-.037937,-.038514,-.027479,-.00697,-.001166,.000066,.000062,-.001761
29jan2010,.027458,.029431,.020794,.023747,.018564,.008927,.003246,.000062,.000028,.003417
26feb2010,-.007625,-.002964,.002013,.003708,.004494,.001837,-.000473,.000015,1.00000000000e-05,.000249
31mar2010,-.020685,-.013103,-.014015,-.00993,-.007662,-.001592,-.000869,.000042,.000068,.004106
30apr2010,.035545,.029069,.016503,.013512,.009075,.002381,.000162,.000129,.000111,.001737
28may2010,.053633,.040848,.025297,.025802,.015079,.005645,.000695,.000129,.000112,.000775
30jun2010,.059823,.044813,.033851,.024838,.018435,.004265,.001116,.000118,.000127,-.000976
30jul2010,-.013918,-.000159,.007935,.009597,.011016,.001881,.000856,.000176,.000142,.000211
31aug2010,.087271,.073081,.035527,.022601,.013728,.001747,.001025,.000145,.000126,.001381
30sep2010,-.027617,-.017073,-.001971,.003909,.005236,.001503,.000346,.000044,.000125,.000582
29oct2010,-.047609,-.029154,-.005208,.001257,.006257,.002339,.000304,.000159,.000112,.001245
30nov2010,-.018945,-.016369,-.007214,-.010132,-.012155,-.002914,-.000524,.000046,.000114,.000421
31dec2010,-.033938,-.03845,-.038909,-.03125,-.022323,-.001872,-.000083,.00022,.00014,.001718
31jan2011,-.033947,-.018943,-.000224,.004017,.006702,.001807,.001078,.000058,.000066,.004763
28feb2011,.013722,.009301,-.000203,-.004725,-.00592,-.00124,.000241,.000142,.000122,.004931
31mar2011,.002477,.000606,-.000481,-.001206,-.002384,-.001361,.000077,.000237,.000067,.009751
29apr2011,.021352,.020522,.014547,.018198,.017115,.005492,.000672,.000208,.000053,.006439
31may2011,.034299,.033069,.024937,.023058,.016184,.003772,.001021,.000064,.000013,.004704
30jun2011,-.020786,-.015913,-.005928,-.002822,.000608,.001331,.000198,.000103,.000035,-.001071
29jul2011,.045984,.043219,.031082,.027002,.021177,.002698,-.000921,-.000083,-.000028,.000886
31aug2011,.100097,.082606,.047503,.035711,.020564,.003605,.001945,.000231,.000083,.002758
30sep2011,.138029,.072288,.029468,.009159,.002422,-.001143,-.001243,8.00000000000e-06,-1.00000000000e-06,.001518
31oct2011,-.037082,-.022895,-.012101,-.005505,.000677,.001335,.00065,.000025,.000014,-.002063
30nov2011,.021636,.016038,.008685,.005789,.002623,.000186,.000291,6.00000000000e-06,4.00000000000e-06,-.000844
30dec2011,.034102,.027565,.019019,.014868,.006518,.000491,-.000495,-9.00000000000e-06,0,-.002467
31jan2012,-.005795,.000123,.008827,.010223,.007973,.000864,.00045,-.000048,-2.00000000000e-06,.0044
29feb2012,-.024496,-.020789,-.010592,-.007426,-.005721,-.001303,-.000635,.000018,.000031,.004403
30mar2012,-.044988,-.035932,-.019458,-.011703,-.007109,-.000274,-.000285,.000088,.000046,.007595
30apr2012,.047272,.04163,.028413,.021896,.012062,.002289,.000716,.000036,.000029,.003021
31may2012,.098554,.082921,.03144,.022031,.00839,.00029,.000108,.000175,.000065,-.001173
29jun2012,-.019824,-.016865,-.006625,-.004542,-.001385,-.000607,-.000491,.000095,.000022,-.001466
31jul2012,.044671,.03525,.015792,.010579,.008221,.002624,.001154,.000102,.000032,-.00163
31aug2012,-.019212,-.012587,-.002442,-.000892,.001074,-.000251,-.000172,.000123,.00005,.005565
28sep2012,-.028056,-.020368,-.006372,-.001414,.000245,.000019,.000157,.000109,.000067,.004462
31oct2012,-.003986,-.002611,-.002909,-.004347,-.003651,-.000574,.00008,.000067,.000037,-.000389
30nov2012,.013069,.011232,.00938,.008396,.007181,.00103,.000265,.000195,.000085,-.004738
31dec2012,-.025503,-.017688,-.008797,-.007175,-.003136,.000428,.000379,.000118,.000103,-.002693
31jan2013,-.040356,-.032754,-.014939,-.010384,-.005317,.000317,.000448,.000019,.000022,.002957
28feb2013,.01649,.012462,.011635,.011607,.006808,.000928,.000347,.000017,.000054,.00819
28mar2013,-.000857,-.001676,.003768,.003451,.001281,.000045,.00017,.000143,.000041,.002615
30apr2013,.047396,.038864,.017563,.009879,.005781,.001233,.000714,.000165,.000037,-.00104
31may2013,-.069915,-.057787,-.031221,-.023619,-.014887,-.001478,-.000074,.000093,.000012,.00178
28jun2013,-.039381,-.034452,-.029891,-.02459,-.016287,-.000671,-.000038,.000053,.000013,.0024
31jul2013,-.022609,-.016208,-.004527,.000936,.002921,.001729,.000688,.000048,9.00000000000e-06,.000394
30aug2013,-.014221,-.011093,-.012869,-.013279,-.009388,-.001446,-.000054,.000072,9.00000000000e-06,.001203
30sep2013,.005859,.008511,.017924,.019578,.014959,.002603,.000888,.00004,8.00000000000e-06,.001163
31oct2013,.01125,.011196,.006915,.00556,.005137,.000952,.000122,-.000018,.000017,-.002575
29nov2013,-.027712,-.022515,-.012242,-.004939,.00081,.000946,.000042,.000063,.000032,-.002042
31dec2013,-.024415,-.020537,-.021754,-.019825,-.015095,-.001519,.000129,.000122,.000023,-.000086
31jan2014,.071553,.057749,.035655,.023775,.014623,.001843,.000323,.000149,.000012,.00372
28feb2014,.006347,.006708,.004406,.002768,.001652,.001181,.000266,-.000023,.000045,.003698
31mar2014,.007645,.004409,-.003934,-.009167,-.007456,-.000862,.000359,.000096,.000028,.00644
30apr2014,.020936,.017718,.008401,.007413,.005358,.001172,.00068,.000053,.000015,.003297
30may2014,.029464,.025147,.019114,.014396,.009674,.001989,-6.00000000000e-06,.000029,8.00000000000e-06,.003493
30jun2014,-.003218,-.003278,-.002418,-.00255,-.001924,-.000501,4.00000000000e-06,.000042,.00002,.001862
31jul2014,.011048,.008294,-.00016,-.003625,-.003838,-.000246,.000281,.000047,.000013,-.00039
29aug2014,.049426,.038171,.018782,.014499,.008749,.001195,.000623,.000022,3.00000000000e-06,-.001671
30sep2014,-.019667,-.015959,-.010631,-.007935,-.004205,-.000068,.000191,.000047,4.00000000000e-06,.000753
31oct2014,.028148,.027575,.013129,.013729,.009374,.00262,.00019,1.00000000000e-06,.000012,-.002512
28nov2014,.036108,.029607,.014195,.012307,.010032,.001547,.000189,.000034,-1.00000000000e-06,-.005399
31dec2014,.030158,.028092,.001414,-.003678,-.004644,-.002899,-.000691,1.00000000000e-06,5.00000000000e-06,-.00567
30jan2015,.114344,.075035,.042437,.036325,.025385,.0053,.001475,.000119,.000013,-.004706
27feb2015,-.068324,-.053983,-.025087,-.021312,-.014879,-.002444,-.000415,-5.00000000000e-06,-.000021,.004343
31mar2015,.013546,.013056,.008165,.008936,.008815,.002385,.000509,-.000023,-8.00000000000e-06,.005952
30apr2015,-.039438,-.025514,-.007956,-.003749,-.001265,.000965,.000592,.00008,.000029,.002033
29may2015,-.030017,-.020597,-.003817,-.003667,-.000934,.000521,.000272,.000038,-5.00000000000e-06,.005097
30jun2015,-.044036,-.027738,-.018369,-.011348,-.005355,.000394,-.000054,.000029,4.00000000000e-06,.003503
31jul2015,.046044,.039302,.015146,.013578,.007164,.00075,.000121,6.00000000000e-06,-.000037,.000067
31aug2015,-.010114,-.00734,-.001192,-.000304,.000371,-.00093,.000064,.000136,.000027,-.001416
30sep2015,.024379,.024734,.017817,.015837,.012089,.003996,.001163,.000022,-6.00000000000e-06,-.001557
30oct2015,-.011085,-.007161,-.007517,-.00803,-.005626,-.001092,-.000404,-.000129,-.000027,-.00045
30nov2015,-.009328,-.00563,-.0035,-.004412,-.004427,-.002638,-.001749,.000089,.00002,-.002111
31dec2015,-.006,-.004583,-.003769,-.004007,-.002052,-.000921,3.00000000000e-06,.000249,.000103,-.003417
29jan2016,.057283,.049933,.02975,.030265,.022615,.006105,.002525,-.000057,.000037,.001653
29feb2016,.029668,.028198,.016709,.010797,.006527,.001411,.000392,.000341,.000205,.000823
31mar2016,.002899,.001023,-.001442,.000848,.00365,.001865,.001369,.000474,.00019,.004306
29apr2016,-.011362,-.008669,-.004458,-.003913,-.003028,-.000426,.000666,.000254,.000051,.004741
31may2016,.007188,.007519,.001216,-.001491,-.001997,-.001043,-.000395,.000155,.000115,.004046
30jun2016,.081476,.059325,.033345,.027573,.020241,.006537,.002989,.000437,.000188,.003284
29jul2016,.023539,.010644,.003269,.000892,-4.00000000000e-06,-.000304,-.000439,.000261,.000171,-.001618
31aug2016,-.007586,-.016033,-.00794,-.010214,-.007998,-.002592,-.000113,.000269,.000165,.000918
30sep2016,-.01621,-.011125,-.001325,.004209,.003735,.001262,.000587,.000562,.000219,.002404
31oct2016,-.052765,-.033188,-.015542,-.010957,-.006222,-.000428,.000553,.000282,.000168,.001247
30nov2016,-.092558,-.064666,-.040878,-.035318,-.023927,-.003813,-.00102,.000123,.000136,-.001555
30dec2016,-.003585,-.002863,-.003537,-.000909,.00009,-.000514,.000545,.000437,.000239,.000327
31jan2017,.003438,.001949,.002167,.002368,.002885,.000848,.001536,.000476,.000358,.005828
28feb2017,.0147,.012049,.007423,.003661,.000809,.000628,.000055,.000352,.000364,.003146
31mar2017,-.000788,.000421,.002424,.003138,.00322,.001442,.000026,.000384,.000353,.000813
28apr2017,.01394,.013358,.011063,.009559,.007231,.001317,.000494,.000617,.000537,.002966
31may2017,.019849,.014953,.007856,.007299,.004701,.001096,.00073,.000588,.000614,.000855
30jun2017,.011944,.000066,-.001307,-.005711,-.003845,-.000752,.00032,.000873,.000617,.000907
31jul2017,-.014681,-.004422,-7.00000000000e-06,.004046,.004778,.001994,.00166,.000917,.000722,-.00069
31aug2017,.038103,.029059,.017123,.012751,.00776,.001622,.001338,.000978,.000827,.002994
29sep2017,-.02441,-.020094,-.017151,-.012461,-.008855,-.001865,-.000121,.000802,.000944,.005295
31oct2017,-.001464,-.000815,-.001133,-.001771,-.001956,-.000788,.00023,.000939,.00084,-.000632
30nov2017,.012175,.004881,-.002607,-.002575,-.003261,-.001773,-.000667,.000951,.000826,.000024
29dec2017,.020232,.011229,.002222,.00029,-.000897,-.000203,.000146,.000942,.000884,-.000588
31jan2018,-.036049,-.030502,-.023598,-.018556,-.012369,-.003274,.000496,.001346,.001121,.005448
28feb2018,-.03529,-.022646,-.013002,-.00722,-.003601,-.000346,.000361,.000969,.001073,.004535
29mar2018,.032371,.024809,.012783,.009382,.006214,.001743,.001566,.001145,.000261,.002261
30apr2018,-.026111,-.020705,-.015476,-.012063,-.008743,-.001777,.000733,.001479,.001433,.003975
31may2018,.022025,.01503,.009592,.009291,.007578,.003656,.002171,.001491,.001401,.004159
29jun2018,.009223,.004947,.00226,.001257,.000589,-.000021,.001498,.001522,.001408,.001594
31jul2018,-.015182,-.012114,-.005108,-.003878,-.00233,-.000186,.001438,.001691,.001558,.000067
31aug2018,.015453,.014525,.010064,.009101,.007665,.003675,.00243,.001675,.001575,.000556
28sep2018,-.033121,-.024947,-.014807,-.010571,-.007518,-.001759,.000401,.001524,.00149,.001162
31oct2018,-.032213,-.019438,-.004347,.000149,.001461,.00183,.002158,.001931,.00189,.001767
30nov2018,.021458,.021685,.014917,.012931,.009218,.004099,.002183,.0019,.001795,-.003349
31dec2018,.05661,.047374,.028561,.021851,.017452,.008316,.003538,.001935,.00193,-.003194
31jan2019,.006251,.007664,.007138,.007007,.005508,.002568,.003047,.001923,.00192,.001907
28feb2019,-.012107,-.010048,-.004272,-.004038,-.002041,.00061,.001884,.00174,.001809,.004227
29mar2019,.055952,.046442,.029419,.021431,.016241,.006961,.003373,.001991,.001935,.005641
30apr2019,-.01975,-.014164,-.006214,-.002898,-.000107,.001933,.002157,.002044,.002125,.005295
31may2019,.076581,.054629,.031854,.026899,.019902,.008164,.003456,.002196,.001983,.002129
28jun2019,.010051,.012249,.012073,.010693,.008867,.004399,.003795,.002163,.001853,.000199
31jul2019,.003196,.003457,.003435,.000797,-.001159,-.000671,.000662,.002002,.001783,.001671
30aug2019,.125914,.079334,.040344,.027963,.022261,.008336,.003716,.001762,.001908,-.000051
30sep2019,-.03048,-.019738,-.013852,-.009148,-.005911,-.001297,.000941,.001968,.001787,.000783
31oct2019,-.012836,-.008841,-.000742,.002008,.002643,.003274,.003283,.001961,.001531,.002286
29nov2019,-.004773,-.007468,-.00741,-.00639,-.003725,-.001038,.000411,.00113,.001197,-.000536
31dec2019,-.036467,-.02315,-.011292,-.005142,-.000824,.002274,.00175,.001498,.001431,-.00091
31jan2020,.089398,.064401,.039182,.028826,.019282,.006337,.002563,.001308,.001164,.00388
28feb2020,.074637,.052398,.029902,.024556,.018282,.008698,.004675,.001513,.001208,.002741
31mar2020,.085425,.06534,.039709,.036416,.027033,.014069,.009605,.003067,.001268,-.002176
30apr2020,.009765,.00088,.005024,.001309,.001673,.001034,.000056,.000116,3.00000000000e-06,-.006687
29may2020,-.023604,-.005622,.000713,.002889,.003103,.000826,-.000148,.000029,.000059,.00002
30jun2020,.000237,.001144,.000388,.001504,.002134,.000515,.000373,.000155,.000111,.005472
31jul2020,.056713,.031622,.012821,.007492,.003856,.00103,.000759,.00033,.000096,.005058
31aug2020,-.06758,-.03698,-.014709,-.006071,-.001671,-.000208,5.00000000000e-06,.000069,.000079,.003153
30sep2020,.005791,.003965,.00256,.002053,.000236,-.000174,.000174,.000099,.000076,.001393
30oct2020,-.046765,-.026512,-.01731,-.01045,-.004806,-.000383,-.000086,.000067,.000073,.000415
30nov2020,.02261,.01315,.004016,.004213,.001938,.000574,.00052,.000096,.000066,-.000611
31dec2020,-.019274,-.015255,-.004965,-.001264,.000855,.000738,.000297,.000054,.00006,.000941
29jan2021,-.038203,-.025772,-.010713,-.005692,-.002329,.000219,.000107,.00011,.000046,.004254
26feb2021,-.072436,-.05133,-.025385,-.021539,-.012922,-.000589,-.000185,.00008,.000045,.005474
31mar2021,-.054127,-.041254,-.029342,-.017719,-.008277,-.00011,.0004,.00009,.000027,.007083
30apr2021,.027124,.020594,.011851,.008199,.005763,.000416,.000144,.000146,.000014,.008219
28may2021,.002703,-.001067,.003441,.004066,.003167,.000776,.000263,.000025,5.00000000000e-06,.008017
30jun2021,.045272,.03052,.014084,.004969,-.001558,-.001829,-.000281,-.000045,4.00000000000e-06,.009291
30jul2021,.044448,.033877,.023829,.017154,.010194,.001813,.000434,.000029,.000031,.004811
31aug2021,-.004704,-.002015,-.004837,-.004361,-.002647,-.000396,-.000238,.00003,.000049,.002066
30sep2021,-.023236,-.020754,-.015425,-.011383,-.007415,-.000647,.000279,.00008,.000033,.002716
29oct2021,.026981,.000551,-.004896,-.008759,-.00802,-.003959,-.000689,-.000034,.000037,.008308
30nov2021,.032451,.018795,.012455,.006069,.002938,-.000134,-.000465,.000073,.000044,.004913
31dec2021,-.023094,-.010002,-.00475,-.00205,-.004267,-.002055,-.001374,.000081,.000067,.003073
31jan2022,-.044108,-.036572,-.022542,-.018945,-.01411,-.007246,-.0031,-.000035,.000044,.008415
28feb2022,-.013819,-.012968,-.003021,-.002425,-.004369,-.004643,-.001745,.00012,.000028,.009134
31mar2022,-.058019,-.052835,-.043484,-.038217,-.03373,-.015126,-.00463,.000284,.00006,.013351
29apr2022,-.107346,-.083956,-.049388,-.033997,-.022044,-.004147,-.002202,.000164,.000037,.005583
31may2022,-.011893,-.007861,.01002,.010426,.009097,.006489,.002877,.000726,.000307,.011024
30jun2022,-.024067,-.023199,-.012064,-.01005,-.008299,-.005624,-.00505,.000193,.000567,.013736
29jul2022,.037322,.030677,.033719,.027981,.020993,.004318,.001757,.000551,.000812,-.000118
31aug2022,-.05349,-.046849,-.043289,-.037216,-.029354,-.008112,-.002666,.001806,.001901,-.000354
30sep2022,-.085155,-.067945,-.050056,-.03903,-.031852,-.012865,-.004026,.001684,.001929,.002151
31oct2022,-.065624,-.041092,-.014968,-.006629,-.003692,.000223,.001372,.001859,.002327,.004056
30nov2022,.077931,.071208,.040789,.035594,.026004,.00807,.002016,.003114,.002856,-.00101
30dec2022,-.035953,-.025772,-.018566,-.015065,-.008377,.000845,.004019,.00328,.003379,-.00307
